categoryNumber,keyword,subkeyword,text,url
0,About 소개,,"네이버 클라우드 플랫폼 서비스 업데이트 소식과 기술 정보, 도입 사례 등 다양한 정보를 제공하는 네이버 클라우드 플랫폼의 포털 메뉴",
0,Academic Support Program 아카데믹 지원 프로그램,,미래 IT 전문가 육성을 위해 교직원 및 학생을 대상으로 클라우드 인프라와 교육을 제공하는 네이버 클라우드 플랫폼의 지원 프로그램 중 하나,
0,Access Control Group ACG 접근 제어 그룹 에이씨지,,IP 주소포트 번호 기반 필터링 기능으로 서버로의 네트워크 접근을 관리하는 그룹 자세히 보기,
0,Access Control List ACL 접근 제어 목록 에이씨엘,,특정 객체 또는 버킷에 대한 접근이 허가된 주체들과 이들 주체가 허가받은 접근 항목이 기록된 목록,
0,Access log 접근 로그,,CDN 사용 로그를 확인할 수 있는 기능으로 CDN 사용 로그를 자신의 오브젝트 스토리지 버킷에 약 1시간 주기로 저장. 무료 서비스이나 파일이 저장되는 오브젝트 스토리지 이용 요금은 별도 청구,
0,Account 계정,,네이버 클라우드 플랫폼을 이용하기 위해 등록한 메일 주소. 일반적으로 사용자 개인 정보 및 결제 정보가 포함된 의미이며 네이버 클라우드 플랫폼의 모든 서비스를 이용할 수 있는 아이디 역할,
0,Accounting 회계,,"네이버 클라우드 플랫폼의 WORKPLACE에서 회계 기준법에 맞춰 전표, 계정 과목을 관리하며 국세청 홈텍스 세금 계산서로 손쉽게 전표를 생성하는 기능",
0,Action² Action,,"네이버 클라우드 플랫폼의 Sub Account에서 각 서비스별 제공하는 권한 관리 단위로 View, Change가 있음",
0,Action¹ 액션,,"하나의 특정 작업을 수행하는 상태가 없는 코드 조각으로 JavaScript, Swift, Java, Python, PHP 등 원하는 언어로 작성 가능(예: 사용자 이미지 감지, 데이터 베이스 변경 사항 응답, API 호출 집합 집계가 가능하며 액션은 사용자에 의해 호출되거나 이벤트에 반응하여 실행될 수 있으며, 다른 액션의 결과를 입력으로 받아 시퀀스로 실행 가능) 자세히 보기",
0,Address Mapping Record A Record 주소 레코드 에이 레코드,,도메인 이름으로 IP 주소를 찾을 수 있도록 도메인 이름에 해당하는 IP 주소를 지정하는 레코드. 소유 도메인 및 그 하위 도메인의 IP 주소(IPv4) 지정 가능,
0,Admin Admin,,"네이버 클라우드 플랫폼의 네이버웍스에서 회사의 구성원, 조직, 그룹을 관리하며 보안 관련 이슈를 확인하고 조치하는 관리 기능",
0,Advanced workspace Advanced workspace,,AI Forest에서 AI Forest의 모든 기능을 이용할 수 있으며 싱글배치만 지원하는 워크플레이스,
0,AI AI,,"비즈니스에 즉시 적용 가능한 솔루션, 경쟁력 있는 인공지능 구축의 기반이 되는 강력한 AI 인프라, 네이버의 풍부한 데이터를 기반으로 학습된 최신 인공지능 서비스를 이용한 경쟁력 있는 AI 서비스를 쉽고 편리하게 구축할 수 있는 네이버 클라우드 플랫폼의 솔루션 자세히 보기",
0,AI Forest AI Forest,,GPU 서버를 동적으로 할당받아서 원하는 딥러닝 솔루션과 사용자 프로그램을 실행시킬 수 있는 플랫폼,
0,AI Hackathon AI 해커톤,,네이버에서 개발자와 연구자가 핵심적인 영역에 집중할 수 있도록 구축해 온 네이버 클로바 AI 개발 플랫폼 NSML을 사용하여 경진대회를 성공적으로 진행할 수 있도록 파트너사와 협력하여 제공하는 네이버 클라우드 플랫폼의 솔루션 자세히 보기,
0,AI Service AI Service,,"CLOVA, papago 등 네이버의 풍부한 데이터를 기반으로 학습된 최신 인공지능 서비스를 이용해 경쟁력 있는 AI 서비스를 쉽고 편리하게 구축할 수 있도록 지원하는 네이버 클라우드 플랫폼의 서비스 카테고리 자세히 보기",
0,Analytics Analytics,,데이터를 효과적으로 수집하고 통합 분석하는 서비스를 제공하는 네이버 클라우드 플랫폼의 서비스 카테고리 자세히 보기,
0,Anti-DDoS Anti-DDoS,,고객의 서비스로 인입되는 DDoS 공격을 탐지 및 차단하여 고객의 서비스가 안정적으로 운영될 수 있도록 지원하는 Security Monitoring Managed의 서비스,
0,Anti-Virus AV 안티 바이러스 에이브이,,악성코드를 탐지하고 방어하는 보안 솔루션. 고객이 운영 중인 서버의 악성코드를 실시간으로 탐지하고 격리삭제 조치하여 고객 서비스가 안정적으로 운영될 수 있도록 지원하는 서비스,
0,Apache Kafka Apache Kafka,,실시간 스트리밍 데이터 파이프라인 및 애플리케이션 빌드를 위한 오픈 소스 플랫폼으로 네이버 클라우드 플랫폼의 Cloud Data Streaming Service를 통해 소프트웨어를 설치 및 유지 관리할 필요 없이 클러스터를 손쉽게 구축 가능,
0,API authentication key API 인증키,,네이버 클라우드 플랫폼에서 제공 중인 상품의 다양한 기능을 제어할 수 있는 API를 보안을 위해 권한을 가진 사용자만 호출할 수 있도록 Access key와 Secret key 한 쌍으로 구성하여 회원별로 발급하는 사용자 식별 도구,
0,API Guide API 가이드,,네이버 클라우드 플랫폼에서 제공하고 있는 상품과 솔루션의 효과적인 활용을 돕기 위해 제공하는 API 사용 방법을 설명하는 기술 문서,
0,App Modulation  Modulation Check 앱 변조변조 검사,,원본 대비 변조된 앱의 실행 여부를 검사하는 서비스,
0,App Safer 앱 세이퍼,,모바일 기기에서 앱 실행 시 실시간으로 보안 위협을 탐지하는 서비스 자세히 보기,
0,App Safer Android App Safer Android,,네이버 클라우드 플랫폼이 제공하는 모바일 보안 솔루션. 모바일 기기나 서비스에 위협이 되는 행위로부터 모바일 애플리케이션의 안전한 실행 환경을 유지하기 위해 애플리케이션의 변조 여부와 모바일 보안 침해 시도들을 탐지하고 결과를 분석하여 제공,
0,App Safer iOS App Safer iOS,,네이버 클라우드 플랫폼이 제공하는 모바일 보안 솔루션으로 모바일 기기나 서비스에 위협이 되는 행위를 탐지하는 API를 제공. iOS용 App Safer 라이브러리는 하나의 프레임워크로 구성되어 있으며 Bitcode EnableDisable 환경 모두 지원,
0,App Security Checker 앱 시큐리티 체커,,모바일 앱의 정보 유출 위험을 비롯하여 잠재적인 보안 취약점에 대응할 수 있도록 점검하는 서비스 자세히 보기,
0,Apple Push Notification Service APNS 애플 푸시 알림 서비스 에이피엔에스,,"응용 프로그램 개발자가 Apple 장치(iOS, tvOS, and macOS)에 설치된 응용 프로그램으로 알림 데이터를 보낼 수 있는 플랫폼 알림 서비스",
0,Application 애플리케이션,,API를 활용하여 만들어지는 다양한 응용 프로그램,
0,Application Programming Interface API 애플리케이션 프로그래밍 인터페이스 에이피아이,,"프로그래밍 작업을 통해 운영체제, 시스템, 애플리케이션, 라이브러리 등을 이용하여 응용 프로그램을 작성할 수 있게 하는 다양한 인터페이스의 총칭",
0,Application Programming Interface Gateway API Gateway 애플리케이션 인터페이스 게이트웨이 에이피아이 게이트웨이,,안정적인 API 호출을 돕는 다양한 관리 기능과 모니터링 대시보드를 제공하는 서비스 자세히 보기,
0,Application Server Launcher Application Server Launcher,,전세계에서 많이 사용하고 있는 오픈소스 소프트웨어를 쉽게 설치할 수 있도록 도와주는 서비스 자세히 보기,
0,Application Service Application Service,,네이버에서 사용하는 기술과 서비스를 API로 제공하여 다양한 서비스를 개발할 수 있도록 지원하는 네이버 클라우드 플랫폼의 서비스 카테고리 자세히 보기,
0,Archive Storage 아카이브 스토리지,,데이터 아카이빙 및 장기 백업에 최적화된 스토리지 서비스 자세히 보기,
0,Artificial Intelligence AI 인공지능 에이아이,,인간이 지닌 지적 능력의 일부나 전체를 인공적으로 구현한 서비스,
0,Asymmetric Key-based Encryption 비대칭키 방식 암호화,,"데이터 암복호화 시 암호화와 복호화에 다른 키를 이용하는 암호 방식(공개 키 방식 암호화 방식). 데이터와 키를 수학적 원리를 이용해 계산하여 암호문평문을 생성하며, 생성 시 사용하는 키는 공개 가능한 키값과 보안을 유지해야 하는 키값의 쌍으로 구성",
0,Attendance 근태,,"네이버 클라우드 플랫폼의 WORKPLACE에서 연차, 부재, 근무 스케줄 관리 및 출퇴근 시간 기록으로 체계적인 근태 관리를 지원하는 기능",
0,Auto Scaling 오토 스케일링,,서버 그룹 모니터링 결과나 사용자가 미리 설정한 이벤트에 따라 가상 서버 수를 자동으로 증가하거나 감소 시켜 수요 변화에 탄력적으로 대응할 수 있도록 돕는 서비스 자세히 보기,
0,Auto Scaling Group 오토 스케일링 그룹,,Auto Scaling 서비스를 이용하기 위한 여러 개의 서버 인스턴스 그룹,
0,Auto Scaling monitoring Auto Scaling 모니터링,,생성한 Auto Scaling 그룹의 평균값(average)을 대상으로 컴퓨팅 자원의 상태를 모니터링하고 이벤트가 발생하면 사용자에게 통보하는 네이버 클라우드 플랫폼 서비스의 기능,
0,Automatic Response System ARS 음성 자동응답 장치 에이알에스,,컴퓨터 안에 저장된 정보를 음성으로 변환하여 일반 전화기를 통해 제공하는 서비스,
0,Average Bitrate ABR 평균 비트율 ABR,,"영상이 복잡하여 압축률이 떨어지는 구간에는 평균 이상의 비트율을 사용하고, 그렇지 않은 구간에는 평균보다 적은 비트율을 사용하여 타깃 비트율을 맞추면서 영상의 화질을 높이는 방식",
0,Backup 백업,,검증된 백업 솔루션을 사용해 서버 데이터를 정기적으로 백업하고 보관하는 서비스 자세히 보기,
0,Bandwidth 대역폭,,네트워크 신호용으로 사용할 수 있는 가장 높은 주파수와 가장 낮은 주파수 사이의 차이로 지정된 네트워크 매체나 프로토콜의 정격 쓰루풋 용량 표현 시에도 사용,
0,Bare Metal Server 베어메탈 서버,,클라우드에서도 가상화되지 않은 고성능의 물리 서버를 단독으로 사용하여 대규모의 입출력이 발생하거나 빠른 응답 속도가 필요한 경우 효과적인 대응이 가능한 서비스 자세히 보기,
0,Basic Security 베이직 시큐리티,,모든 고객에게 기본으로 제공되는 무료 보안 서비스 자세히 보기,
0,Basic Workspace 베이직 워크스페이스,,AI Forest에서 최소화된 사용자의 입력에 기반하여 기본 설정으로만 생성된 워크스페이스,
0,Batch 배치,,"일괄 작업, 즉 사용자의 추가적인 개입 없이 실행되는 프로그램",
0,Big Data 빅 데이터,,클라우드 환경에서 대규모의 데이터들을 손쉽고 빠르게 분석할 수 할 수 있는 네이버 클라우드 플랫폼의 솔루션 자세히 보기,
0,Bit Error Rate BER 비트 오류율 비이알,,수신된 비트 중에서 오류가 포함된 비율,
0,Bitrate Bitrate,,트랜스코딩할 비디오 스트림의 비트 전송률로 단위는 kbps. 동영상 화질과 결과물의 크기를 결정하는 매우 중요한 요소,
0,Block 블록,,기억 공간을 나누는 단위나 데이터 세트,
0,Block Device 블록 디바이스,,블록이나 섹터 등 정해진 단위로 데이터를 읽고 쓰는 저장 장치,
0,Block Storage 블록 스토리지,,"서버에 할당하여 사용하는 스토리지. HDD, SSD로 제공되며 필요한 IO 성능에 따라 선택 가능 자세히 보기",
0,Blockchain as A Service BaaS 서비스형 블록체인,,블록체인 기술 응용 서비스 개발과 관리를 클라우드 기반으로 더욱 편리하게 지원하는 서비스(출처: 한국정보통신기술협회),
0,Blockchain Service 블록체인 서비스,,"하이퍼레저 패브릭 기반의 프라이빗, 컨소시엄 방식의 블록체인 네트워크를 쉽게 구성할 수 있는 서비스",
0,Blockchain² Blockchain,,프라이빗 블록체인에서 블록체인 기반 서비스까지 클라우드에서 구현할 수 있도록 지원하는 네이버 클라우드 플랫폼의 서비스 카테고리 자세히 보기,
0,Blockchain¹ 블록체인,,온라인 거래 정보를 수정할 수 없도록 데이터를 블록(block)으로 만들고 암호기술을 사용한 고리 모양의 체인(chain)으로 연결하여 분산 컴퓨팅 기술로 저장관리하는 방식(출처: 한국정보통신기술협회),
0,Bootstrap 부트스트랩,,"쉽게 웹사이트를 제작할 수 있도록 돕는 HTML, CSS, JS 프레임 워크",
0,Border Gateway Protocol ASN BGP ASN 경계 경로 프로토콜 에이에스엔 비지피 에이에스엔,,"BGP(Border Gateway Protocol) 자율 시스템 번호. 네이버 클라우드 플랫폼의 BGP ASN은 135354이며, 고객의 ASN은 프라이빗 64512~65535 구간에서 자동 선정",
0,Bot Bot,,"네이버 클라우드 플랫폼의 네이버웍스에서 인사, 마케팅, 영업 등 사내외부 솔루션과 연동 개발 뿐 아니라 업무에 필요한 툴을 메시지 Bot API를 활용하여 구성하는 기능",
0,Bounce 바운스,,메일 전송 시도가 실패하여 반송된 경우,
0,Brick 브릭,,"App Safer 서비스를 위한 내부 보안 검사 엔진(솔루션). 바이너리 위변조, 메모리 변조, 후킹, 디바이스 환경 조작 등 다양한 보안 위협으로부터 고객 앱이 설치된 기기를 보호하는 역할",
0,Bucket 버킷,,데이터 저장 공간. 연관된 객체들을 그루핑한 최상위 디렉터리,
0,Business Application² 비즈니스 애플리케이션,,기업용 비즈니스 애플리케이션을 위한 클라우드 컴퓨팅 환경을 제공하는 네이버 클라우드 플랫폼의 솔루션 자세히 보기,
0,Business Application¹ Business Application,,성장하는 기업을 위한 클라우드 기반 기업 정보 시스템을 안정적으로 지원하는 네이버 클라우드 플랫폼의 서비스 카테고리 자세히 보기,
0,Bypass 바이패스,,"원본 서버 응답 헤더에 Set-Cookie 헤더가 있거나 Cache-Control 헤더에 private, no-cache, max-age=0 등의 내용이 있는 경우 CDN 서버에서 캐싱하지 않고 접속자에게 전달하는 것",
0,CA Hierarchy CA 계층 구조,,"CA가 인증서 관리 업무를 처리할 때는 CA 자신의 인증서를 이용하며 인증서의 발급자(Issuer)는 인증서를 서명한 CA가 되는데, CA 인증서 역시 다른 CA로부터 발급될 수 있으며 이러한 경우 형성되는 계층적인 구조",
0,Cache Expiry 캐시 만료,,CDN에서 캐싱 된 콘텐츠가 원본 서버에서 변경됐는지 여부를 확인하는 주기를 지정하는 옵션,
0,Caching 캐싱,,사용자 요청에 의해 요구되는 콘텐츠를 빠르게 제공하기 위해 캐시 서버에 저장하는 행위,
0,Calendar 캘린더,,네이버 클라우드 플랫폼의 네이버웍스에서 내 일정 관리뿐만 아니라 다른 구성원의 일정을 확인하여 회의 일정도 공유할 수 있는 기능,
0,Canonical Name Record CNAME Record 도메인 별명 레코드 씨네임 레코드,,"도메인 이름에 대한 별명(alias)을 지정하는 레코드(예: 'server2'라는 정규(canonical) 도메인 이름의 서버가 'www' 서버로도 사용된다면, 'server2'의 별명으로 'www'를 지정)",
0,CAPTCHAAudio CAPTCHAAudio,,자동 입력 방지를 위해 숫자가 포함된 음성 메시지를 전송하고 입력값을 검증하는 네이버 클라우드 플랫폼의 서비스,
0,CAPTCHAImage CAPTCHAImage,,자동 입력 방지를 위해 사람의 눈으로 식별 가능한 문자가 포함된 이미지를 전송하고 입력값을 검증하는 네이버 클라우드 플랫폼의 서비스,
0,CentOS 센트오에스,,업스트림 소스인 레드햇 엔터프라이즈 리눅스와 완벽하게 호환되는 무료 기업용 컴퓨팅 플랫폼을 제공할 목적으로 레드햇 제휴로 개발된 리눅스계 운영체제의 한 종류,
0,Central Processing Unit CPU 중앙처리장치 씨피유,,"컴퓨터 시스템을 통제하고 프로그램 연산을 실행하는 가장 핵심적인 컴퓨터의 제어 장치. 외부에서 정보를 입력받아 기억하고 컴퓨터 프로그램의 명령어를 해석하여 연산하고, 외부로 출력하는 역할을 수행",
0,Certificate 인증서,,인증 기관의 개인키나 비밀키를 사용하여 변조가 불가능한 실체의 데이터,
0,Certificate Authority CA 인증 기관,,보안 적격 여부 및 메시지 암호화를 위한 공개 키의 발급과 관리를 담당하는 신뢰성이 보장된 온라인상의 기관(출처: 한국정보통신기술협회),
0,Certificate Manager CM 인증서 관리자 씨엠,,SSL 인증서의 손쉬운 등록 및 관리 서비스를 제공하는 서비스 자세히 보기,
0,Certificate Revocation List CRL 인증서 폐기 목록 CRL,,더 이상 유효하지 않은 인증서 목록(출처: 한국정보통신기술협회),
0,Chaincode 체인코드,,"하이퍼레저 패브릭에서 클라이언트로부터 호출되는 코드로, 전역 상태(World State)의 키-값 쌍에 대한 접근 및 수정을 관리",
0,Channel² Channel,,컨소시엄 내 특정 그룹(MSP의 집합)의 트랜잭션을 처리하기 위한 서브 네트워크로 하이퍼레저 패브릭의 구성 요소 중 하나,
0,Channel¹ 채널,,네이버 클라우드 플랫폼의 Live Station을 활용하여 방송을 진행하기 위해 반드시 생성해야 하는 단위,
0,Chatbot Builder 챗봇 빌더,,CLOVA Chatbot에서 챗봇 대화 데이터셋을 입력하고 테스트하는 웹 콘솔로서 챗봇 개발에 필요한 다양한 기능을 제공,
0,Chatbot Solution 챗봇 솔루션,,네이버 클라우드 플랫폼이 제공하는 챗봇과 챗봇 컴피턴시 파트너를 통해 챗봇 솔루션을 구축하여 고객 대응 프로세스를 빠르게 혁신할 수 있는 네이버 클라우드 플랫폼의 솔루션 자세히 보기,
0,Ciphertext 암호문,,평문을 암호학적 방법으로 변환한 텍스트,
0,Classic environment Classic 환경,,퍼블릭 클라우드에서 고객 전용 사설 네트워크인 VPC(Virtual Private Cloud)를 제공하지 않는 플랫폼,
0,Classless InterDomain Routing CIDR 사이더 씨아이디알,,IPv4 기본 Class를 무시하는 IP 표기 방법. 코어 라우터가 전달하는 라우팅 정보의 양을 줄이기 위해 경로를 함께 그룹으로 묶을 수 있어 여러 IP 네트워크가 그룹 외부 네트워크에서 바라볼 때 하나의 더 큰 엔티티로 존재. 기록 시에는 IP 주소와 해당 서브넷 마스크는 마침표로 분리하고 슬래시가 뒤에 붙은 4개의 옥텟과  서브넷 마스크를 표시하는 2자리 숫자로 표기,
0,CLI Guide CLI 가이드,,네이버 클라우드 플랫폼에서 제공하고 있는 상품의 기능을 확인하고 리소스를 관리할 수 있는 통합 도구 사용 방법을 설명하는 기술 문서,
0,Clickjacking 클릭재킹,,웹페이지 상에서 HTML의 아이프레임(iframe) 태그를 사용한 눈속임 공격 방법의 한 종류. 마우스 클릭(Click)과 하이잭킹(Hijacking)의 합성어로 사용자가 어떤 웹 페이지 혹은 버튼을 클릭하지만 실제로는 다른 페이지의 콘텐츠를 클릭하게 되는 것을 의미,
0,Cloud Activity Tracer 클라우드 액티비티 트레이서,,콘솔 및 API 등을 통해 수행되는 다양한 계정 활동 로그를 수집하고 관리하는 서비스. 수집된 계정 활동 이력은 Console의 Cloud Activity Tracer 페이지를 통해 간편하게 열람 가능 자세히 보기,
0,Cloud Advisor Cloud Advisor,,네이버 클라우드 플랫폼 자체 운영 노하우를 바탕으로 사용자에게 다양한 카테고리별 점검 리포트를 제공해주는 네이버 클라우드 플랫폼의 서비스 자세히 보기,
0,Cloud Advisor Cloud Advisor,,네이버 클라우드 플랫폼 자체 운영 노하우를 바탕으로 사용자에게 다양한 카테고리별 점검 리포트를 제공해주는 네이버 클라우드 플랫폼의 서비스 자세히 보기,
0,Cloud Connect 클라우드 커넥트,,데이터 센터 환경과 네이버 클라우드 플랫폼을 전용 사설 네트워크로 연결할 수 있는 서비스 자세히 보기,
0,Cloud Data Box Cloud Data Box,,"고객의 데이터 기반 의사 결정을 위해 네이버 데이터(검색, 쇼핑 등)와 안전한 빅데이터 분석 환경을 함께 제공하는 네이버 클라우드 플랫폼의 데이터 분석 종합 패키지 서비스 자세히 보기",
0,Cloud Data Streaming Service Cloud Data Streaming Service,,"오픈소스 Apache Kafka 클러스터를 손쉽게 배포, 운영하고 확장할 수 있는 네이버 클라우드 플랫폼의 서비스 자세히 보기",
0,Cloud Database for Microsoft Structured Query Language Cloud DB for MSSQL 마이크로소프트 에스큐엘 클라우드 데이터베이스 엠에스에스큐엘 클라우드 디비,,클라우드 상에서 MSSQL을 쉽고 간편하게 구축하고 안정적으로 운영하는 서비스 자세히 보기,
0,Cloud Database for MongoDB Cloud DB for MongoDB 몽고디비 클라우드 데이터베이스 몽고디비 클라우드 디비,,클라우드 상에서 MongoDB 데이터베이스를 쉽고 간편하게 구축하고 관리하는 서비스 자세히 보기,
0,Cloud Database for My Structured Query Language Cloud DB for MySQL 마이에스큐엘 클라우드 데이터베이스 마이에스큐엘 클라우드 디비,,클라우드 상에서 MySQL 데이터베이스 서비스를 쉽고 간편하게 구축하고 자동으로 관리하는 서비스 자세히 보기,
0,Cloud Database for Redis Cloud DB for Redis 레디스 클라우드 데이터베이스 레디스 클라우드 디비,,클라우드 상에서 Redis 캐시를 쉽고 간편하게 구축하고 안정적으로 운영하는 서비스 자세히 보기,
0,Cloud Functions 클라우드 펑션,,서버 관리에 대한 부담 없이 손쉽게 원하는 비즈니스 로직을 실행할 수 있는 서비스 자세히 보기,
0,Cloud Hadoop 클라우드 하둡,,"Apache Hadoop, HBase, Spark, Hive 등의 오픈 소스 프레임워크를 통해 대량의 데이터를 사용자 요구사항에 맞춰 분석할 수 있는 서비스 자세히 보기",
0,Cloud Insight 클라우드 인사이트,,"클라우드 환경의 성능운영 지표를 통합 관리하고, 장애 발생 시 담당자에게 신속히 전달할 수 있는 모니터링 기능을 제공하는 서비스 자세히 보기",
0,Cloud IoT Core Cloud IoT Core,,편리한 IoT 디바이스 데이터 수집 및 실시간 처리를 위한 네이버 클라우드 플랫폼의 IoT 플랫폼 서비스 자세히 보기,
0,Cloud Log Analytics 클라우드 로그 애널리틱스,,네이버 클라우드 플랫폼의 여러 서비스에서 발생하는 다양한 로그들을 한곳에 모아 저장하고 손쉽게 분석할 수 있는 서비스 자세히 보기,
0,Cloud Outbound Mailer 클라우드 아웃바운드 메일러,,"알림, 정보, 마케팅 대량 메일을 UI를 통해서 쉽게 전송하거나, 운영 중인 서비스에 연결해 전송할 수 있는 서비스 자세히 보기",
0,Cloud Search 클라우드 서치,,홈페이지 내 복잡한 요구사항이 많은 검색 기능을 클라우드 기반으로 쉽고 빠르게 구현할 수 있는 서비스 자세히 보기,
0,Cloud Service Provider CSP 클라우드 서비스 제공자 씨에스피,,"네트워크를 통해 인프라, 플랫폼이나 소프트웨어를 제공하는 회사",
0,CLOVA AiCall CLOVA AiCall,,"AI를 통한 음성 인식, 자연어 처리 및 대화 모델, 음성 합성 기술을 이용하여 기존 유인 상담원이 수행하던 InboundOutbound Call 업무를 AI Bot을 통해 처리할 수 있는 네이버 클라우드 플랫폼의 서비스 자세히 보기",
0,CLOVA Chatbot CLOVA 챗봇,,사용자 질문 의도를 이해하여 고객 대응 등 다양한 서비스에 활용할 수 있는 챗봇을 손쉽게 만들 수 있는 서비스 자세히 보기,
0,CLOVA Dubbing 클로바 더빙,,사용자가 입력한 텍스트를 동영상 또는 PDF 파일 등에 AI 보이스를 합성하여 음원 및 영상 형태로 다운로드할 수 있는 네이버 클라우드 플랫폼의 웹 기반 편집 툴 서비스 자세히 보기,
0,CLOVA Face Recognition CFR CLOVA 얼굴 인식 시에프알,,입력된 비전 데이터를 통해 얼굴을 인식하거나 얼굴 감지를 이용한 애플리케이션을 만들 때 유용한 API 서비스 자세히 보기,
0,CLOVA FaceSign CLOVA FaceSign,,얼굴 인식 기능을 이용해서 편리하고 정확하게 본인을 확인할 수 있는 네이버 클라우드 플랫폼의 서비스,
0,CLOVA OCR CLOVA OCR,,인쇄물의 글자와 이미지를 인식하고 사용자가 지정한 영역의 텍스트와 데이터를 정확하게 추출할 수 있는 네이버 클라우드 플랫폼의 서비스 자세히 보기,
0,CLOVA Premium Voice CPV CLOVA Premium Voice CPV,,음성으로 변환할 텍스트를 입력받은 후 파라미터로 지정된 감정으로 음성을 합성하여 그 결과를 반환하는 네이버 클라우드 플랫폼의 서비스 자세히 보기,
0,CLOVA Speech 클로바 스피치,,"CLOVA의 NEST(Neural End-to-end Speech Transcriber) 음성 인식 기술을 통해 빠르고 쉽게 미디어(동영상)의 음성인식을 제공하는 네이버 클라우드 플랫폼의 서비스로 기존의 CSR 서비스가 1분 이내의 명령형 음성 인식에 최적화된 반면 길이가 긴 오디오, 비디오 파일의 음성 인식 가능  자세히 보기",
0,CLOVA Speech Recognition CSR CLOVA 음성 인식 시에스알,,"사람의 목소리를 텍스트로 변환하는 API로, 비서 애플리케이션, 챗봇, 음성 메모 등 다양한 음성 인식 기능에 활용할 수 있는 서비스 자세히 보기",
0,CLOVA Speech Synthesis CSS CLOVA 음성 합성 시에스에스,,"입력한 텍스트를 자연스러운 목소리로 재생해주는 API로, 음성 안내 시스템, 뉴스책 읽기 등 기능에 활용할 수 있는 서비스 자세히 보기",
0,CLOVA Voice 클로바 보이스,,고품질 음성 합성 기술로 자연스러운 억양과 감정을 표현하는 다양한 목소리 합성음을 제공하는 네이버 클라우드 플랫폼의 서비스  자세히 보기,
0,Cluster 클러스터,,디스크로부터 데이터를 읽어오는 시간을 줄이기 위해서 조인이나 자주 사용되는 테이블의 데이터를 디스크의 같은 위치에 저장하는 방법,
0,Cluster Autoscaler Cluster Autoscaler,,쿠버네티스 서비스에서 클러스터의 사용 가능한 자원과 Pod 요청하는 자원량을 비교하여 Node를 증가시키거나 감소시키는 오토스케일러,
0,Coin 코인,,충전 날짜로부터 3년이 되는 달의 마지막 날짜 기간 동안 모든 서비스 이용 금액 결제 시 사용할 수 있는 네이버 클라우드 플랫폼의 선불 충전금,
0,Command Line Interface CLI 명령줄 인터페이스 씨엘아이,,네이버 클라우드 플랫폼을 효율적으로 관리할 수 있도록 제어하는 도구. 리소스 제어의 경우 스크립트 작성 후 자동화 가능,
0,Commercial Cloud 민간 클라우드,,일반 개인과 기업이 쉽고 빠르게 IT 인프라를 구축하고 관리할 수 있도록 설계된 네이버클라우드의 클라우드 서비스 자세히 보기,
0,Common 공통,,네이버 클라우드 플랫폼의 네이버웍스에서 네이버웍스를 좀 더 스마트하게 이용할 수 있도록 도와주는 기타 다양한 서비스 기능,
0,Common Client Interface CCI 커먼 클라이언트 인터페이스 씨씨아이,,"브로커를 통해 C 기반의 애플리케이션이 CUBRID 데이터베이스 서버로 접근하기 위한 인터페이스. CAS를 이용하는 도구(예: PHP, ODBC)를 만들기 위한 하부 구조로도 사용되며 CUBRID 브로커와 애플리케이션 사이에 위치",
0,Common Coupon 일반 쿠폰,,일반적인 코드 형태로 되어 있는 쿠폰으로 게임 내에서 사용될 쿠폰을 쉽게 생성 및 관리할 수 있는 기능,
0,Credit 크레딧,,특정 기간 동안 지정된 서비스 이용 금액을 지불할 수 있는 네이버 클라우드 플랫폼의 사이버 머니,
0,CUBRID 큐브리드,,대용량 분산 처리에 적합한 오픈 소스 관계형 데이터베이스 관리 시스템 자세히 보기,
0,Custom Access Control Group Custom ACG 사용자 지정 접근 제어 그룹 사용자 지정 에이씨지,,고객이 자체적으로 생성한 ACG,
0,Custom Metric 커스텀 메트릭,,네이버 클라우드 플랫폼에서 제공하지 않아 Cloud Insight의 API를 활용하여 수집한 성능 지표,
0,Customer-managed Private Root CA 고객 관리 사설 루트 CA,,고객이 직접 관리하는 루트 CA,
0,Dashboard 대시보드,,한 화면에서 다양한 정보를 중앙 집중적으로 관리하고 찾을 수 있도록 돕는 사용자 인터페이스(UI),
0,Data Analytics Service Data Analytics Service,,클라우드 환경에서 손쉽게 비즈니스 인텔리전스 환경을 이용할 수 있도록 지원하는 네이버 클라우드 플랫폼의 서비스 자세히 보기,
0,Data Forest Data Forest,,빅데이터 분석에서 머신러닝까지 다양한 오픈소스 어플리케이션을 제공하는 네이버 클라우드 플랫폼의 빅데이터 분석 플랫폼 서비스 자세히 보기,
0,Data Forest Application Data Forest App Data Forest Application Data Forest App,,네이버 클라우드 플랫폼의 Data Forest에서 사용자가 최적화된 빅데이터 시스템을 구축할 수 있도록 제공하는 14가지 종류의 애플리케이션,
0,Data Key 데이터 키,,"데이터 암호화에 직접적으로 적용하는 키. 고객이 직접 관리하며, KKMS 이용 가이드에서는 데이터 키라는 용어로 구분하여 지칭",
0,Data Migration 데이터 마이그레이션,,데이터베이스 검색 성능 향상을 위해 데이터 사용 빈도에 따라 데이터 저장 공간이나 저장 형태를 조정하는 행위,
0,Data Node 데이터 노드,,네이버 클라우드 플랫폼의 Search Engine Service에서 제공하는 Elasticsearch 클러스터 구성 요소 중 하나로 실제 데이터가 저장되는 서버이며 코디네이트 노드로만 통신하는 노드,
0,Data Teleporter 데이터 텔레포터,,전용 어플라이언스를 통해 대용량 데이터를 빠르게 이전하도록 돕는 서비스 자세히 보기,
0,Data Warehouse DW 데이터 웨어하우스 디더블유,,조직 내에서 분산 운영되는 각각의 데이터베이스 관리 시스템에 축적된 데이터들을 공통의 형식으로 변환하여 통합하고 조정관리하는 데이터베이스 기술,
0,Database Database,,"고객 서비스 요구사항에 맞는 다양한 데이터 플랫폼(관계형 데이터베이스, NoSQL, 메모리 캐시 등)을 제공하는 네이버 클라우드 플랫폼의 서비스 카테고리 자세히 보기",
0,DataBase Instance  데이터베이스 인스턴스 ,,특정한 순간에 데이터베이스에 저장되어 있는 정보의 모임,
0,DataBase Management System DBMS 데이터베이스 관리 시스템 디비엠에스,,다수의 사용자가 데이터베이스 내 데이터에 접근할 수 있도록 돕는 소프트웨어 도구의 집합,
0,Decryption 복호화,,암호화를 통해 변환된 암호문을 원래의 데이터(평문)로 변환하는 과정,
0,Deep Learning 심층 기계 학습,,일반적인 기계 학습 모델보다 더 깊은 신경망 계층 구조를 이용하는 기계 학습(출처: 한국정보통신기술협회),
0,Default Access Control Group Default ACG 기본 접근 제어 그룹 기본 에이씨지,,계정마다 기본 생성되어 있는 ACG,
0,Default Cooldown 쿨다운 기본값,,새롭게 생성된 서버일지라도 Init-Script 실행이나 업데이트 설치 등의 이유로 실제 서비스 수행을 위해서는 준비 소요 시간이 필요하기 때문에 실제 Scaling이 수행 중이거나 수행 완료된 후에 모니터링 이벤트 알람이 발생하더라도 무시하도록 설정한 기간의 기본값,
0,Delay 지연 시간,,송신자가 트랜잭션을 시작한 것과 송신자가 처음으로 응답을 받은 것 사이의 시간. 또는 지정된 경로를 통해 발신 장치에서 수신 장치로 패킷을 이동시키는 데 필요한 시간,
0,Deleted Content 삭제된 콘텐츠,,네이버 클라우드 플랫폼의 WORKBOX에서 공유 폴더나 개인 폴더 화면에서 삭제한 폴더(파일)를 관리할 수 있는 기능 메뉴,
0,Deny 거부,,문서를 요청한 컴퓨터의 호스트명이나 호스트 주소를 가지고 접근을 거부하는 지시어,
0,Deny-Allow Group Deny-Allow Group,,다수의 IP로 구성된 목록의 집합으로 Network ACL 규칙 설정 시 접근 소스나 목적지의 객체로 동작,
0,Desired Capacity 기대 용량,,"서버의 수가 조정되는 기준. 이 값은 최소 용량 이상, 최대 용량 이하여야 하며 미지정 시 초기에 최소 용량만큼 서버를 생성",
0,Dev Dev,,Spark Job을 제출하기 위한 클라이언트 서버로 활용 가능한 애플리케이션,
0,Dev Tools Dev Tools,,DevOps를 적용하여 신속하고 안전하게 소프트웨어 개발 환경을 구축하고 배포할 수 있도록 지원하는 네이버 클라우드 플랫폼의 서비스 카테고리 자세히 보기,
0,Developer Public Key 개발자 공개 키,,"Android 개발자가 앱에 서명할 때 사용하는 공개 키. Android 개발자별 부여되는 Android Keystore에 저장되며, AppSafer에서는 사용자 및 앱 인증을 위한 보안 키 발급에 이용",
0,Developers 디벨로퍼스,,네이버 클라우드 플랫폼의 WORKPLACE에서 서비스 연동 및 다양한 API를 제공하는 개발자 도구 기능,
0,DevOps 디봅스,,소프트웨어 개발과 IT 운영을 병행하고 협업하는 방식으로 소프트웨어 개발(software Development)과 IT 운영(Information Technology Operations)의 합성어(출처: 한국정보통신기술협회),
0,Digital Rights Management DRM 디지털 저작권 관리 디알엠,,디지털 미디어의 불법 및 비인가 된 사용을 제한하기 위하여 저작권 소유자나 판권 소유자가 이용하는 정보 보호 기술의 일종인 접근 제어 기술,
0,Digital Video Recorder DVR 디지털 영상 저장 장치 디브이알,,영상을 비디오 테이프가 아닌 하드 디스크 기반의 디지털 저장 장치에 기록하는 장비,
0,Direct Server Return DSR 다이렉트 서버 리턴 디에스알,,L4를 사용한 SLB의 구성 시 리얼 서버는 VIP의 인터페이스를 받을 수 있도록 설정하며 각각의 리얼 서버는 L4를 거치지 않고 직접 사용자에게 응답 패킷을 전달하는 방식,
0,Directions 15 Directions 15,,"길찾기 API로 앱 메인 화면에서 주요 지역까지의 소요 시간과 거리, 예상 유류비, 통행 요금 정보를 제공하는 네이버 클라우드 플랫폼의 서비스",
0,Directions 5 Directions 5,,"길찾기 API로 앱 메인 화면에서 주요 지역까지의 소요 시간과 거리, 예상 유류비, 통행 요금 정보를 제공하는 네이버 클라우드 플랫폼의 서비스",
0,Disaster Recovery DR 재해복구,,기업의 비즈니스 연속성을 확보하고 24X7 서비스 고가용성을 제공하기 위한 네이버 클라우드 플랫폼의 재해 복구 솔루션 자세히 보기,
0,Distinguished Names of Certificates DN 인증서 고유이름 DN,,"X.509 인증서에 명시되는 주체 식별자로, 네트워크에서 특정 주체를 식별하기 위해 정의한 표준인 X.500 기반",
0,Distributed Denial of Service DDoS 서비스 거부 공격 디도스,,흔히 DDoS라 지칭되며 고객의 서비스가 불가능하도록 자원을 고갈시키는 공격. Anti-DDoS는 고객의 서비스로 인입되는 DDoS 공격을 탐지차단하여 고객의 서비스가 안정적으로 운영될 수 있도록 지원,
0,Docker 도커,,리눅스의 응용 프로그램들을 소프트웨어 컨테이너 안에 배치하는 일을 자동화하는 오픈 소스 프로젝트,
0,Document OCR Document OCR,,"영수증, 신분증, 명함 등 인식 대상에 개인정보나 민감 정보가 포함되어 있을 수 있어 사전 신청 및 승인 절차 진행 후 제공하는 CLOVA OCR 서비스",
0,Document Store Database 문서 저장 데이터베이스,,일반적인 RDMS(관계형 데이터베이스)에서 사용하는 행(row)이라는 개념보다 유연한 모델인 문서(document)를 사용하는 데이터베이스. 복잡한 계층 관계를 하나의 레코드(Record)에 입력 및 표현 가능,
0,DOM Processing DOM 프로세싱,,브라우저가 HTML을 파싱하고 해석하는 데 걸리는 시간,
0,Domain 도메인,,"검색 엔진을 용도에 따라 구분하기 위해 제공하는 개념으로 여러 서비스, 개발, 테스트, 운영 환경에 따라 별도 도메인 생성 가능",
0,Domain Name System DNS 도메인 네임 시스템 디엔에스,,인터넷상의 도메인 이름을 실제로 접속 가능한 주소로 식별해서 찾을 수 있도록 돕는 서비스 자세히 보기,
0,domainCode domainCode,,NRN에서 네이버 클라우드 플랫폼 서비스의 도메인을 구분하는 코드,
0,Dormant Accounts 휴면 계정,,네이버 클라우드 플랫폼의 서비스를 1년 이상 사용하지 않은 회원의 경우 정보통신망 이용촉진 및 정보보호 등에 관한 법률에 의거하여 로그인과 서비스 이용에 제약을 두기 위해 전환된 계정의 상태,
0,Drive 드라이브,,네이버 클라우드 플랫폼의 네이버웍스에서 키워드로 본문까지 검색 가능하며 보안 링크로 내외부 멤버와 안전하게 공유할 수 있는 기능,
0,Drupal Drupal,,"Linux + Apache + MySQL + PHP + Drupal 설치 프로세스를 원클릭으로 시작할 수 있는 설치형 서비스 상품으로, 리눅스를 운영체제로 사용하면서 Apache Web ServerMySQL(MariaDBPHP)를 활용한 CMS 구축 서비스 플랫폼",
0,Dynamic Content 동적 콘텐츠,,"PHP, ASP, JSP 등을 이용하여 접속자별 요청에 대해 서로 다른 콘텐츠를 응답하는 콘텐츠 형태",
0,Dynamic Host Configuration Protocol DHCP 동적 호스트 구성 프로토콜 디에이치씨피,,IP 주소를 동적으로 할당하는 프로토콜,
0,Dynamic Large Object DLO Dynamic Large Object DLO,,5GB 이상의 대용량 파일 관리 방식의 한 종류,
0,Dynamic Routing 동적 라우팅,,네트워크 토폴로지나 트래픽 변화에 자동으로 맞추어 조정하는 라우팅,
0,E-Commerce Service 이커머스 서비스,,"자사몰 구축 플랫폼부터 결제, 디자인, 마케팅, 데이터 분석 등 기타 부가 서비스까지 이커머스 고객을 위한 end-to-end 클라우드 서비스를 제공하는 네이버 클라우드 플랫폼의 솔루션 자세히 보기",
0,Edge Node 엣지노드,,네이버 클라우드 플랫폼의 Cloud Hadoop 클러스터에서 외부 접속을 위한 게이트웨이용 노드,
0,Effective Log Search & Analytics ELSA 효과적인 로그 검색 및 분석 엘사,,서비스 운영 시 발생하는 애플리케이션 로그를 쉽고 빠르게 저장하고 분석하는 기능. 대시보드를 통해 실시간 로그 발생 현황은 물론 기간별 로그 발생 추이를 확인할 수 있어 효율적인 서비스 운영 가능 자세히 보기,
0,Elasticsearch Elasticsearch,,"Apache Lucene을 기반으로 하는 오픈소스 RESTful 검색 및 분석 엔진으로 정형비정형 데이터, 위치 정보, 메트릭 등 다양한 형태의 데이터를 저장하고 다양한 방법으로 검색 가능",
0,Encryption 암호화,,키를 이용해 데이터(평문)를 무작위로 조작하여 의미를 파악할 수 없는 정보(암호문)로 변환하는 과정,
0,Enemy Enemy,,"네이버 클라우드 플랫폼의 Game 상품군에서 펫, 몬스터, 드론, PVP 상대, 레이드 보스와 같이 게임 콘텐츠 내 아군이 아닌 모든 대결 대상",
0,Entity 엔티티,,"CLOVA Chatbot에서 인명, 기관명, 장소, 날짜와 상품명 등 도메인 특화된 단어들이 등록된 사전",
0,Envelope Encryption 봉투 암호화,,데이터를 직접 암호화하여 보호하는 것이 아니라 데이터를 암호화한 암호 방식을 보호함으로써 데이터 기밀성과 통제권을 모두 만족시키는 암호 방식,
0,Epoch 시간 기원,,"중요한 사건, 변화가 일어난 정적인 시간 기원으로, unix epoch는 1970년 1월 1일 새벽 0시를 의미",
0,Expenditures 지출,,네이버 클라우드 플랫폼의 WORKPLACE에서 우리 회사 거래처 관련 경비 지출을 간편하게 관리하는 기능,
0,Expense 비용,,네이버 클라우드 플랫폼의 WORKPLACE에서 국내 8대 카드사와 법인 카드 정보를 연동하여 투명하고 계획적으로 비용을 관리하는 기능,
0,eXtensible Markup Language XML 확장 가능한 마크업 언어 엑스엠엘,,"인간과 기계가 모두 이해할 수 있는 텍스트 형태로 마크업 포맷을 정의하기 위한 메타 언어. 인터넷 환경에 적합하도록 간결성, 보편성, 활용성에 중점을 두고 설계됐으며 유니코드(Unicode) 기반으로 다국어를 지원하고, 텍스트 형식의 데이터 포맷으로 플랫폼에 상관없이 다양한 시스템에서 활용 가능",
0,Fail-over 페일오버,,1선 시스템이 장애나 운용 시간 종료로 가동이 중단되면 2선 시스템이 기능을 넘겨받아 운용되는 백업 모드,
0,FairPlay FairPlay,,Apple에서 제공하는 DRM 기술 규격으로 각각의 HLS 세그먼트를 Sample-AES 방식으로 암호화,
0,File Filter 파일 필터,,Hash Filter에서 확인이 되지 않은 파일을 업로드하여 악성 여부를 분석할 수 있는 기능,
0,File Safer 파일 세이퍼,,고객의 서비스에서 제공하는 파일과 아웃링크의 악성 여부를 검사하는 서비스 자세히 보기,
0,File Transfer Protocol FTP 파일 전송 프로토콜 에프티피,,서버와 클라이언트 간 사용되는 파일 전송 프로토콜,
0,Finance 금융,,금융 및 핀테크 기업을 위한 독립적인 Financial Cloud를 구축하고 인프라 및 각종 서비스를 구성할 수 있는 네이버 클라우드 플랫폼의 솔루션 자세히 보기,
0,Financial Cloud 금융 클라우드,,복잡한 금융 컴플라이언스를 준수하며 금융 및 핀테크 관련 기업이 쉽고 빠르게 IT 인프라를 구축하고 관리할 수 있도록 설계된 네이버클라우드의 금융기관 전문 클라우드 서비스 자세히 보기,
0,Firebase Cloud Messaging FCM 파이어베이스 클라우드 메시징 에프씨엠,,메시지를 안정적으로 무료 전송할 수 있는 교차 플랫폼 메시징 솔루션,
0,Firewall 방화벽,,"컴퓨터 네트워크 분야에서는 해커나 크래커의 불법 침입을 차단하여 정보 유출, 시스템 파괴 등의 보안 문제를 사전에 방지하는 소프트웨어, 혹은 그 소프트웨어가 탑재된 하드웨어. 네트워크 방화벽은 일반적으로 네트워크 구조의 최상단에 위치하며 인터넷과 같은 외부망으로부터 들어오는 접근 시도를 1차로 제어통제(허용거부)함으로써 내부 네트워크를 보호하는 역할을 수행",
0,Flooding 플러딩,,"스위치와 브릿지가 사용하는 트래픽 전달 기법으로, 장치의 특정 인터페이스에서 처음 수신한 트래픽을 장치의 다른 인터페이스에 전달하는 행위",
0,Flow 플로우,,특정 시간 동안 네트워크상의 지정된 관찰 지점을 지나가는 패킷의 집합. 패킷의 출발지와 목적지 정보 등을 가진 데이터,
0,Form² 설문,,네이버 클라우드 플랫폼의 네이버웍스에서 사내 구성원이나 외부 협력업체의 의견을 빠르게 취합하여 결과를 확인할 수 있는 기능,
0,Form¹ 폼,,"CLOVA Chatbot에서 사용자의 질문에 따라 객관식 및 주관식의 질문을 제공하고, 답변에 대한 피드백으로 대화를 이어갈 수 있도록 도와주는 기능",
0,Frame Rate 프레임 레이트,,출력 비디오 스트림에 보여지는 초당 프레임 수,
0,Game Chat Game Chat,,게임에 꼭 필요한 라이브 채팅을 할 수 있는 플랫폼을 쉽고 빠르게 제공하는 네이버 클라우드 플랫폼의 서비스 자세히 보기,
0,Game Report Game Report,,게임의 모든 데이터를 분석하여 게임 내 지표를 재선할 수 있도록 하는 네이버 클라우드 플랫폼의 게임 전문 빅데이터 서비스 자세히 보기,
0,Game Report Lib Core Game Report Lib Core,,SDK를 통해 적재되는 원천 로그를 실시간으로 조회할 수 있는 기능,
0,Game Report SDK Game Report SDK,,네이버 클라우드 플랫폼의 Game Report를 사용하기 위한 분석 및 로그 수집 플랫폼 기술 관련 SDK,
0,Game Report Think Core Game Report Think Core,,"인 게임에 대한 각종 실시간 지표 조회, 사용자 및 매출 현황 확인 및 분석, 이벤트 분석, 랭킹 분석 등을 지원하는 기능",
0,GAMEPOT 게임팟,,게임에 필요한 기능을 쉽고 빠르게 구현할 수 있도록 안정적인 인프라와 SDK를 함께 제공하는 서비스 자세히 보기,
0,GAMEPOT Android SDK GAMEPOT Android SDK,,Android 애플리케이션을 개발할 수 있는 GAMEPOT의 Android용 SDK,
0,GAMEPOT iOS SDK GAMEPOT iOS SDK,,iOS 애플리케이션을 개발할 수 있는 GAMEPOT의 iOS용 SDK,
0,Game² 게임,,게임 개발 리소스를 줄이고 개발 기간을 단축하거나 게임 서비스 기능 확장 및 효과적인 운영을 지원하는 네이버 클라우드 플랫폼의 솔루션 분야 자세히 보기,
0,Game¹ Game,,게임 서비스에 필요한 다양한 기능을 쉽고 빠르며 비용 효율적으로 구현할 수 있도록 지원하는 네이버 클라우드 플랫폼의 서비스 카테고리 자세히 보기,
0,GDPR compatible Data Processing Addendum GDPR compatible DPA GDPR compatible Data Processing Addendum GDPR compatible DPA,,네이버 클라우드 플랫폼을 사용하여 GDPR에 따라 고객 개인정보를 처리하는 경우 적용되는 합의된 계약사항으로 제공하는 데이터 처리 부칙 자세히 보기,
0,General Data Protection Regulation GDPR General Data Protection Regulation GDPR,,"2018년 5월 25일부터 시행되는 새로운 유럽연합의 개인정보 보호법으로 EU 데이터 보호 지침(Directive 9546EC)을 대체하게 되며, 각 EU 회원국에 구속력이 있는 단일 데이터 보호법을 적용함으로써 EU 전체에 포괄적으로 적용하는 강력한 프라이버시 관련 법률 자세히 보기",
0,Geocoding Geocoding,,"지번, 도로명, 우편번호를 질의어로 사용해서 주소 정보를 검색하여 주소 목록과 세부 정보에 대한 검색 결과를 json 형태로 반환하는 네이버 클라우드 플랫폼의 서비스",
0,Geolocation 지오로케이션,,고객 서버에서 질의한 IP 주소에 대하여 지역 정보 DB를 검색하고 해당 지역의 정보를 고객 서버로 전달하는 서비스 자세히 보기,
0,Getting Started 쉬운 시작 가이드,,클라우드 서비스 사용 경험이 적은 고객을 대상으로 네이버 클라우드 플랫폼에서 자주 사용되는 상품의 기본 사용 방법과 구체적인 활용 사례를 설명하는 기술 문서,
0,Git 깃,,프로그램 등의 소스 코드 관리를 위한 분산 버전 관리 시스템,
0,GitHub 깃허브,,버전 관리 시스템인 Git을 이용하는 프로젝트를 위해 원격 저장소를 제공하는 서비스,
0,Gitlab CE Gitlab CE,,"Linux + Gitlab CE의 Stack 설치 프로세스를 원클릭으로 시작할 수 있는 설치형 서비스 상품으로, 리눅스를 운영체제로 사용하면서 Gitlab CE를 활용한 Collaboration Code 서비스 플랫폼",
0,Global Global,,전 세계 주요 거점에 구축한 인프라를 통해 보다 효율적으로 서비스를 구축할 수 있도록 지원하는 네이버 클라우드 플랫폼의 서비스 카테고리 자세히 보기,
0,Global Content Delivery Network Global CDN 글로벌 콘텐츠 전송 네트워크 글로벌 시디엔,,세계 어느 곳에서나 빠르고 안정적으로 콘텐츠를 전송할 수 있는 해외 거점 기반 서비스. 흔히 Global CDN으로 지칭하며 국내에서 서비스를 제공해야 할 경우 CDN 서비스를 이용 자세히 보기,
0,Global DNS Global DNS,,인터넷에서 사용하는 도메인 이름을 실제로 접속 가능한 주소로 식별해서 찾을 수 있게 하는 네이버 클라우드 플랫폼의 서비스 자세히 보기,
0,Global Latency Status 글로벌 레이턴시 스테이터스,,네이버 클라우드 플랫폼이 관리하는 글로벌 인프라의 레이턴시 현황을 실시간으로 확인할 수 있는 서비스 자세히 보기,
0,Global Region 글로벌 리전,,좀 더 효율적인 서비스 구축 지원을 위해 전 세계 주요 거점에 구축한 인프라 자세히 보기,
0,Global Route Manager 글로벌 루트 매니저,,DNS 기반의 다양한 방법을 통해 네트워크 트래픽을 안정적으로 로드 밸런싱 하는 GSLB 서비스 자세히 보기,
0,Glossary 용어사전,,"네이버 클라우드 플랫폼의 포털, 콘솔 및 상품과 솔루션에서 사용 중인 용어의 의미를 해설하고 약어를 안내하는 네이버 클라우드 플랫폼 가이드 센터의 서비스",
0,Gradle Gradle,,"Linux + Gradle의 Stack 설치 프로세스를 원클릭으로 시작할 수 있는 설치형 서비스 상품으로, 리눅스를 운영체제로 사용하면서 Gradle를 활용한 빌드 서비스 플랫폼",
0,Graphical User Interface GUI 그래픽 유저 인터페이스 지유아이,,마우스로 아이콘을 클릭하며 프로그램을 작동시키는 컴퓨팅 환경,
0,Graphics Processing Unit GPU 그래픽 처리 장치 지피유,,동시에 고성능 연산 처리를 할 수 있도록 최적화된 컴퓨팅 자원,
0,Graphics Processing Unit Server GPU Server 그래픽 처리 장치 서버 지피유 서버,,흔히 GPU 서버로 지칭하며 병렬 처리에 최적화되어 고성능 커퓨팅 파워를 보유한 서버 자세히 보기,
0,Guide 사용 가이드,,"네이버 클라우드 플랫폼에서 제공하고 있는 모든 상품과 솔루션에 대한 개념과 원리, 사용 방법을 설명하는 기술 문서",
0,Guide Center 가이드 센터,,누구나 부담 없이 쉽고 빠르게 클라우드 서비스를 시작할 수 있도록 다양한 콘텐츠를 제공하는 네이버 클라우드 플랫폼의 포털 메뉴,
0,Hackathon 해커톤,,‘해킹(Hacking)’과 ‘마라톤(Marathon)’의 합성어로 마라톤처럼 일정한 시간과 장소에서 프로그램을 해킹하거나 개발하는 행사(출처: 한국정보통신기술협회),
0,Hadoop 하둡,,대용량 데이터를 분산 처리할 수 있는 자바 기반의 오픈소스 프레임 워크,
0,Hadoop User Experience Hue Hadoop User Experience Hue,, Apache Hadoop 클러스터와 함께 사용되는 웹 기반 사용자 인터페이스로 다른 Hadoop 에코 시스템과 함께 그룹화되어 Hive 작업 및 Spark Job 등 실행 가능,
0,Hard Disk Drive HDD 하드디스크 드라이브 하드디스크,,"자성 물질로 덮인 플래터를 회전시키고, 그 위에 헤드(Head)를 접근 시켜 플래터 표면의 자기 배열을 변경하는 방식으로 데이터를 읽거나 쓰는 저장 장치",
0,Hash 해시,,"임의의 길이의 데이터를 고정된 길이의 데이터로 매핑하는 “Cryptographic Hash Function(암호화 해시 함수)”에 의해 얻어지는 값으로, 흔히 해시값, 해시 코드, 해시 체크섬, 해시로 지칭",
0,Hash Filter 해시 필터,,의심되는 파일 또는 URL의 스트링에서 추출한 Hash 값을 이용하여 악성 여부를 확인할 수 있는 기능,
0,Hash-based Message Authentication Code HMAC 해시 기반 메시지 인증 코드 에이치맥,,해싱 기법을 적용하여 메시지의 위변조를 방지하는 기법,
0,Hbase Hbase,,"스케일이 쉽고 데이터가 많아도 실시간 랜덤 읽기, 쓰기가 가능한 HDFS 기반의 데이터 저장소",
0,Health Check 헬스 체크,,Auto Scaling Group의 가상 서버에 주기적인 상태 확인을 수행하여 상태가 비정상인 가상 서버를 식별하도록 체크하는 행위,
0,Health Check Grace Period 헬스 체크 보류 기간,,서버가 생성되어 운영 중일지라도 업데이트 설치 작업 등과 같이 특정 상황이 발생하여 헬스 체크에 정상 응답하지 못하는 경우 헬스 체크에 실패하더라도 서버 헬스에 이상이 있다고 판단하지 않도록 설정하는 기간,
0,Health Check Type 헬스 체크 유형,,"헬스 체크의 유형으로 서버와 로드밸런서 가운데 선택 가능. Auto Scaling Group 설정에서 로드밸런서 이름을 지정한 경우에는 헬스 체크 유형도 로드밸런서로 설정하며, 이런 경우 Auto Scaling은 로드밸런서 헬스 체크 방식과 기준에 따라 서버의 상태를 판단",
0,Health Information Exchange HIE 진료 정보 교류 에이치아이이,,"환자들이 의료기관에서 진료를 받을 때 발생하는 진단 내역, 투약 내역, 검사 내역 등의 진료 정보를 교류에 동의한 환자들을 대상으로 의료기관 간 안전하게 전달하는 행위",
0,Healthcare 의료 서비스,,"의료법, 개인정보 보호법과 시설 및 장비에 대한 세부 기준을 충족하여 안전하고 편리하게 각종 의료 IT 서비스를 구축하고 의료 서비스 혁신을 위한 빅 데이터 분석, AI 서비스를 제공하는 네이버 클라우드 플랫폼의 솔루션 자세히 보기",
0,Healthcare Cloud 의료 클라우드,,의료기관 및 의료 서비스에 최적화된 IT 인프라를 구축하고 관리할 수 있도록 설계된 네이버클라우드의 의료기관 전문 클라우드 서비스  자세히 보기,
0,Helm Helm,,kubernetes Package Manager로 클라이언트인 Helm과 cluster 내에 설치되는 tiller 서버로 구성,
0,High Performance Computing HPC 고성능 컴퓨팅 에이치피씨,,방대한 양의 데이터를 분석하여 가치 있는 정보를 생산하고 복잡한 연산을 빠르게 해결하는 대규모 컴퓨팅 서비스 자세히 보기,
0,HIT 히트,,접속자가 요청한 콘텐츠가 유효한 형태로 CDN 캐시 서버에 있어 접속자의 요청에 대해서 바로 응답하는 상태,
0,Home 홈,,네이버 클라우드 플랫폼의 네이버웍스에서 공지사항이나 사내 중요 정보를 다른 직원들과 공유할 수 있는 게시판 기능,
0,Homomorphic cryptography 동형 암호,,"암호화 기법 중 하나로 데이터를 암호화한 상태에서 컴퓨팅 연산이 가능한 기술. 연산 결과도 암호문의 상태이며, 복호화 결과는 평문 연산 결과와 동일",
0,Hooking 후킹,,"운영체제나 응용 소프트웨어 등 각종 프로그램을 호출하는 메시지, 이벤트 등을 중간에 바꾸거나 가로채는 명령방법기술 행위",
0,Horizontal Pod Autoscaler HPA Horizontal Pod Autoscaler HPA,,쿠버네티스 서비스에서 현재 Pod이 사용 중인 자원에 따라서 필요한 Pod의 개수를 증가시키거나 감소시키는 오토스케일러,
0,Hospital Information Service HIS 의료 정보 시스템 에이치아이에스,,"의료, 행정, 재정적, 법적 문제 및 해당 서비스의 처리와 같은 병원 운영의 모든 측면을 관리할 수 있도록 설계한 포괄적인 통합 정보 시스템",
0,HTTP Live Streaming HLS HTTP Live Streaming 에이치엘에스,,애플(Apple)사에서 만든 하이퍼텍스트 전송 규약(HTTP) 기반의 미디어 전송 프로토콜(출처: 한국정보통신기술협회),
0,Hugo Hugo,,GO 언어로 만들어진 가장 인기 있는 오픈소스 정적 사이트 생성기 중 하나로 정적 웹 페이지를 빠르게 만들고 쉽게 관리 가능하며 네이버 클라우드 플랫폼에서는 설치형 상품으로 제공,
0,Hybrid Cloud Hosting 하이브리드 클라우드 호스팅,,데이터센터 환경과 클라우드 환경을 통합하여 운영할 수 있는 서비스 자세히 보기,
0,Hybrid Cloud² 하이브리드 클라우드²,,온 프레미스 기반의 복잡했던 IT 환경을 시스템 변화는 최소화하면서 클라우드의 장점을 더한 하이브리드 클라우드 솔루션으로 통합 관리할 수 있는 네이버 클라우드 플랫폼의 솔루션 자세히 보기,
0,Hybrid Cloud¹ 하이브리드 클라우드¹,,단일 애플리케이션을 위해 퍼블릭과 프라이빗 클라우드를 결합한 방식(출처: 한국정보통신기술협회),
0,Hybrid&Private Cloud Hybrid&Private Cloud,,하이브리드와 프라이빗 클라우드 구축을 위한 서비스를 제공하는 네이버 클라우드 플랫폼의 서비스 카테고리 자세히 보기,
0,Hyperledger Fabric 하이퍼레저 패브릭,,모듈형 블록체인 프레임 워크로 엔터프라이즈 수준의 애플리케이션 및 솔루션 개발을 위한 리눅스 재단의 오픈소스 프로젝트,
0,HyperText Transfer Protocol HTTP 하이퍼텍스트 전송 프로토콜 에이치티티피,,웹 서버와 사용자의 인터넷 브라우저 사이에 문서를 전송하기 위해 사용되는 통신 규약,
0,Hypertext Transfer Protocol Header HTTP Header 하이퍼텍스트 전송 프로토콜 헤더 에이치티티피 헤더,,"흔히 HTTP 헤더로 지칭하며, 웹 서버로 보내는 요청과 요청 데이터를 설명하는 메타 정보를 포함하며 추가적으로 지정된 이름과 값 전송 가능",
0,Hypertext Transfer Protocol Status Code HTTP Status Code 하이퍼텍스트 전송 프로토콜 상태 코드 에이치티티피 상태 코드,,"서버로 API 요청을 보내면 서버에서는 API 호출이 잘 됐는지 HTTP 상태코드 값과 함께 보내는 응답 코드(예: 호출이 정상적으로 이뤄졌을 경우 200, API 호출 방법 오류인 경우 400, 403, 404, 서버 오류인 경우 500과 같은 상태 코드를 리턴)",
0,Hypervisor 하이퍼바이저,,"프로세서나 메모리와 같은 다양한 컴퓨터 자원에 서로 다른 각종 운영체제의 접근 방법을 통제하는 얇은 계층의 소프트웨어. 다수의 운영체제를 하나의 컴퓨터 시스템에서 가동할 수 있게 하는 소프트웨어로 중앙 처리 장치(CPU)와 운영체제 사이에 중간 웨어로 사용되며, 하나의 컴퓨터에서 서로 다른 운영체제를 사용하는 가상 컴퓨터를 만들 수 있는 효과적인 가상화 엔진",
0,IAP IAP,,네이버 클라우드 플랫폼의 GAMEPOT에서 인앱 구매 시 상품 정보를 관리하는 기능,
0,Identity and Access Management IAM 통합 계정 관리 솔루션 아이엠,,조직이 필요로 하는 보안 정책을 수립하고 정책에 따라 자동으로 사용자의 계정과 권한을 관리하는 솔루션,
0,Ignore query string 쿼리 문자열 무시,,CDN 서비스가 원본 서버에 요청할 때 ?id=1234와 같이 URL에 포함된 GET 파라미터를 제거한 후 요청하는 행위,
0,Image Optimizer 이미지 옵티마이저,,원본 이미지를 다양한 해상도의 기기에 최적화된 섬네일로 변환하고 배포할 수 있도록 제공하는 손쉬운 이미지 변환 서비스 자세히 보기,
0,Index 색인,,문서의 내용을 분석해서 검색하기 용이한 형태의 데이터를 만드는 행위 혹은 그 데이터,
0,Infrastructure as a Service IaaS 인프라형 서비스 아이아스,,"인터넷을 통해 서버와 스토리지 등 데이터센터 자원을 대여하는 서비스. 이용자는 직접 데이터 센터를 구축할 필요 없이 클라우드 환경에서 필요한 인프라를 사용하고, 운영체제와 애플리케이션 등을 설치한 뒤 원하는 서비스 운영 가능",
0,Ingress Ingress,,클러스터 외부의 요청을 Ingress 리소스에 정의된 규칙에 따라 클러스터 내부의 서비스로 연결해주는 API 객체,
0,Init-Script 이니트 스크립트,,사용자가 미리 작성해 둔 스크립트를 서버 생성 시 자동으로 실행시킬 수 있는 기능으로 서버 초기 환경 구축 시 편리하게 활용 가능 자세히 보기,
0,InputOutput Operations per Second IOPS 아이옵스,,"HDD, SSD, SAN과 같은 컴퓨터 저장 장치를 벤치마크 시 사용하는 성능 측정 단위",
0,Instance 인스턴스,,설계도를 바탕으로 소프트웨어 세계에 구현된 구체적인 실체,
0,Interactive Voice Response IVR 자동 음성 안내 아이브이알,,전화를 이용하여 다양한 정보를 음성으로 제공해 주는 기술,
0,Intermediate Course Intermediate Course,,"네이버 클라우드 플랫폼 교육 과정 2단계로 DevOps, AI, Kubernetes 등 네이버 클라우드 플랫폼의 특정 서비스를 기반으로 한 실습 프로젝트를 진행하는 내용으로 구성",
0,Internet Control Message Protocol ICMP 인터넷 제어 메시지 프로토콜 아이시엠피,,오류를 보고하고 IP 패킷 프로세싱과 관련된 다른 정보를 제공하는 네트워크 계층 인터넷 프로토콜 자세히 보기,
0,Internet Data Center IDC 인터넷 데이터 센터 아이디씨,,"포털, 콘텐츠 제공 업체 등 주요 웹콘텐츠 서버가 위치하는 곳으로 일반적으로 사업자망 끝단에 위치",
0,Internet gateway 인터넷 게이트웨이,,다수의 컴퓨터 시스템을 하나의 인터넷과 접속하는 장비(출처: 한국정보통신기술협회),
0,Internet Information Server IIS 인터넷 정보 서버 아이아이에스,,"미국 마이크로소프트(Microsoft)가 개발한 인터넷인트라넷용 서버 소프트웨어로, 버전 2.0부터 윈도우 NT 서버에 표준으로 첨부되어 있으며 운영체제와 통합된 것으로 복잡한 절차 없이 월드 와이드 웹(WWW) 서버 관리 가능",
0,Internet Message Access Protocol IMAP 인터넷 메시지 접속 프로토콜 아이엠에이피,,인터넷 메일 서버에서 메일을 읽기 위한 인터넷 표준 통신 규약의 종류,
0,Internet of Things² IoT 사물 인터넷² 아이오티,,"모든 디바이스를 복잡성없이 연결하여 실시간으로 디바이스 정보를 수집하고 이를 기반으로 모니터링하거나 분석, 제어할 수 있는 네이버 클라우드 플랫폼의 솔루션 자세히 보기",
0,Internet of Things¹ IoT 사물 인터넷¹ 아이오티,,사물에 센서를 부착해 실시간으로 데이터를 인터넷으로 주고받는 기술이나 환경,
0,Internet Protocol Address IP Address 인터넷 프로토콜 주소 아이피 주소,,TCPIP 프로토콜을 사용하여 통신하는 경우 송신자와 수신자를 구별하기 위한 고유 주소,
0,Internet Protocol Security Virtual Private Network IPsec VPN 인터넷 보안 프로토콜 가상 사설망 아이피섹 브이피엔,,외부에 있는 고객의 네트워크와 네이버 클라우드 플랫폼에 있는 네트워크를 암호화된 터널링 통신으로 연결하는 망 자세히 보기,
0,Internet Protocol Version 6 Address Record AAAA Record 인터넷 프로토콜 버전 식스 주소 레코드 쿼드 에이 레코드,,도메인 이름으로 IPv6 주소를 찾을 수 있도록 도메인 이름에 해당하는 IPv6 주소를 지정하는 레코드. 소유 도메인 및 그 하위 도메인의 IPv6 주소 지정 가능,
0,Internet Service Provider ISP 인터넷 서비스 제공자 아이에스피,,"개인이나 회사에 인터넷 접속 서비스, 웹 사이트 건설 및 웹 호스팅 서비스 등을 제공하는 회사",
0,Intrusion Detection System IDS 침입 탐지 시스템 아이디에스,,고객의 서비스로 인입되는 공격을 탐지하는 보안 솔루션. 흔히 IDS로 지칭하며 365일 24시간 모니터링을 통해 고객 서비스의 안정적인 운영 지원,
0,Intrusion Prevention System IPS 침입 방지 시스템 아이피에스,,고객의 서비스로 인입되는 공격을 탐지차단하는 보안 솔루션. 흔히 IPS로 지칭하며 365일 24시간 모니터링을 통해 고객 서비스의 안정적인 운영 지원,
0,IoT IoT,,분산되어 있는 수백만 대의 디바이스와 클라우드를 연결하는 네이버 클라우드 플랫폼의 서비스 카테고리 자세히 보기,
0,ISV Solution Partner ISV Solution Partner,,솔루션 파트너의 한 종류로 네이버 클라우드 플랫폼에서 동작하는 소프트웨어 솔루션을 제공하는 파트너,
0,Item 아이템,,"네이버 클라우드 플랫폼의 Game 상품군에서 무기, 의류, 강화에 사용되는 아이템이나 복용 가능한 아이템, 아이템 스킬 등 재화를 제외한 게임의 모든 리소스",
0,Jail Breaking 탈옥,,"Android의 루팅과 유사한 행위로 iOS에서 사용자에게 지원하지 않는 시스템 파일에 대한 접근, 애플 정책에 위배되는 프로그램 설치, 테마 변경 등을 가능하도록 하는 행위. 루팅과 동일하게 서비스와 사용자 보호를 위해 App Safer에서는 탈옥 여부를 판단하여 탐지하는 서비스를 제공",
0,Java database connectivity JDBC 자바 데이터베이스 커넥티비티 제이디비씨,,자바(Java)에서 데이터베이스에 접속할 수 있도록 지원하는 자바 API,
0,JavaScript Object Notation JSON 제이슨,,인간이 읽을 수 있는 데이터 교환용으로 설계된 경량 텍스트 기반 개방형 표준 포멧,
0,Jenkins 젠킨스,,소프트웨어 개발 시 반복적인 프로세스를 자동화해주는 서비스의 VM 설치형 자세히 보기,
0,JEUS JEUS,,국내 시장 점유율 1위 WAS(Web Application Server)인 JEUS를 서버 설치형으로 제공하는 네이버 클라우드 플랫폼의 서비스 자세히 보기,
0,Job Job,,네이버 클라우드 플랫폼의 VOD Transcoder에서 미디어 파일을 변환하는 작업 단위,
0,Joomla! Joomla!,,"Linux + Apache + MySQL + PHP + Joomla! 설치 프로세스를 원클릭으로 시작할 수 있는 설치형 서비스 상품으로, 리눅스를 운영체제로 사용하면서 Apache Web ServerMySQL(MariaDBPHP)를 활용한 CMS 구축 서비스 플랫폼",
0,Kafka Kafka,,높은 성능과 안정성을 보장하는 분산 메시징 시스템으로 대량의 데이터를 실시간으로 처리 시 사용,
0,Kerberos Keytab File Kerberos Keytab 파일,,Kerberos Principal에 대응되는 대칭키 알고리즘에서 사용할 암호화 키를 소유함으로써 비밀번호 역할을 수행하는 파일,
0,Key Management Service KMS 키 관리 서비스 케이엠에스,,고객의 중요 정보 암호화에 사용된 키를 고객이 설정한 보안 정책에 따라 엄격히 관리하고 안전하게 보호하는 서비스 자세히 보기,
0,Key Store 키 저장소,,"KMS 이용 고객당 하나씩 생성되는 키 저장 공간. 고객이 생성하는 키는 이곳에 생성되며, KMS 콘솔을 통해 접근하여 관리 가능",
0,Keyword Coupon 키워드 쿠폰,,"크리스마스', '오픈이벤트', '새해'와 같이 지정된 키워드를 생성하고 해당 키워드를 쿠폰 창에 입력 시 아이템을 지급하는 기능",
0,Kibana 키바나,,Elasticsearch를 위한 오픈 소스 데이터 시각화 플러그인,
0,Kubernetes Service 쿠버네티스 서비스,,빠르고 간편하게 Kubernetes 컨테이너를 배포하고 관리할 수 있는 관리형 서비스 자세히 보기,
0,LAMP 램프,,"Linux, Apache, MySQL, PHP 설치 프로세스를 원클릭으로 시작할 수 있는 설치형 서비스 자세히 보기",
0,Latency 지연 속도,,어떤 장치가 네트워크 접근을 요청한 시간과 전송 승인을 받은 시간 사이의 지연 시간 혹은 프레임을 수신한 시간과 그 프레임을 수신 포트 방향으로 포워딩한 시간 사이의 지연 시간,
0,Launch Configuration 시작 구성,,Auto Scaling Group에서 가상 서버를 시작 구성 시 사용하는 템플릿. Auto Scaling Group 생성 시 Launch Configuration 지정 필요,
0,Learning Management System LMS 학습 관리 시스템 엘엠에스,,컴퓨터 온라인을 통하여 학생의 성적과 진도는 물론 출석과 결석 등 학사 전반에 걸친 사항을 관리해 주는 시스템. 학습 콘텐츠의 개발과 전달평가관리에 이르기까지 학습의 전반적 과정을 통합적으로 운영관리할 수 있는 시스템,
0,Least Connection 리스트 커넥션,,가장 적은 수의 연결이 이루어진 서버로 요청을 할당하는 서버 부하 분산 방식,
0,Ledger 레저,,변경 불가능한 상태의 데이터로 체인코드에서 발생하는 모든 거래를 저장하는 하이퍼레저 패브릭의 구성 요소 중 하나,
0,LEMP LEMP,,"Linux + Nginx + MySQL + PHP 설치 프로세스를 원클릭으로 시작할 수 있는 설치형 서비스 상품으로, 리눅스를 운영체제로 사용하면서 Nginx Web Server, MySQL(MariaDB), PHP를 활용한 Web Application Service Stack 서비스",
0,Life Cycle 생명 주기,,컴포넌트가 생성되고 사용되고 소멸될 때까지 일련의 과정,
0,Link Customer 링크 커스터머,,네이버 클라우드 플랫폼의 WORKBOX에서 생성된 링크를 전달 받아 폴더(파일)를 공유 받은 대상,
0,Live Station 라이브 스테이션,,라이브 방송에 필요한 필수 기능을 강력한 인코딩 성능을 통해 비용 효율적으로 구현할 수 있는 서비스 자세히 보기,
0,Load Balancer LB 로드 밸런서 엘비,,서버의 성능과 부하량을 고려해 네트워크 트래픽을 다수의 서버로 분산 시켜 주는 서비스 자세히 보기,
0,Load Balancing 로드 밸런싱,,병렬로 운영되는 기기 사이에서 부하가 균등하게 되도록 하는 행위,
0,Local-Area Network LAN 근거리 통신망 랜,,"비교적 작은 지리적인 영역(최대 수천 m)을 담당하는 오류가 낮은 고속 데이터 네트워크. LAN은 하나의 건물 내에 있거나 그 외의 지리적으로 제한된 영역에 존재하는 워크스테이션, 주변 장치, 터미널, 그 외의 장치들을 연결하며 LAN 표준은 OSI 모델의 물리적 계층과 데이터 링크 계층에서 케이블 연결과 신호 처리 방식을 지정",
0,Log Visualization 로그 시각화,,네이버 클라우드 플랫폼의 Effective Log Search & Analytics에서 내장되어 있는 Kibana를 통해 원하는 로그 데이터를 쿼리하여 대시보드를 구성하는 일,
0,Machine Learning ML 기계 학습 ML,,컴퓨터 프로그램이 데이터와 처리 경험을 이용한 학습을 통해 정보 처리 능력을 향상시키는 것 또는 이와 관련된 연구 분야(출처: 한국정보통신기술협회),
0,Magento 마젠토,,"Linux, Apache, MySQL, PHP, Magento 설치 프로세스를 원클릭으로 시작할 수 있는 설치형 서비스. 리눅스 운영체제를 사용하며 Apache Web ServerMySQL(MariaDBPHP)를 활용한 쇼핑몰 구축 서비스 플랫폼의 역할을 수행하며, 네이버 클라우드 플랫폼의 Compute 인프라 서비스에 자동으로 구성 자세히 보기",
0,Mail 메일,,"네이버 클라우드 플랫폼의 네이버웍스에서 회사 도메인을 메일 주소로 활용할 수 있고, 강력한 보안과 뛰어난 스팸 차단을 자랑하는 메일 기능",
0,Mail eXchanger Record MX Record 메일 호스트 정보 엠엑스 레코드,,사용자가 보유한 도메인과 하위 도메인의 메일 서버를 지정할 수 있는 정보,
0,Mail Transfer Agent MTA 메일 전송 에이전트 엠티에이,,전자우편을 SMTP(Simple Mail Transfer Protocol)를 이용해 다른 전자우편 서버로 전달하는 프로그램,
0,Managed Service Provider MSP Managed Service Provider MSP,,"서비스 파트너의 한 종류로 직접 고객을 관리하며 기술 지원 및 다양한 부가 서비스를 제공할 수 있는 파트너. 고객을 위한 클라우드 시스템 설계 및 구축, 마이그레이션 서비스를 제공하며 고객 요구 사항을 충족시키기 위한 다양한 솔루션을 제공",
0,Management Management,,IT 인프라와 서비스를 실시간으로 모니터링하고 관리하여 고객에게 24시간 365일 안정적인 클라우드 서비스를 제공하는 네이버 클라우드 플랫폼의 서비스 카테고리 자세히 보기,
0,Manager Node 매니저 노드,,네이버 클라우드 플랫폼의 Search Engine Service에서 제공하는 Elasticsearch 클러스터 구성 요소 중 하나로 Elasticsearch 클러스터를 관리하며 코디네이트 노드로 설정되어 데이터가 인입되는 통로로 사용하는 노드,
0,Manifest 매니페스트,,개방형 플랫폼 서비스에서 각각의 응용 서비스 배포에 필요한 설정 정보를 담고 있는 파일(출처: 한국정보통신기술협회),
0,Manufacturing Service 제조 서비스,,"스마트 팩토리를 구축하고 빅 데이터 분석, AI, IoT 기술을 도입하여 제조 산업의 디지털 전환을 지원하는 네이버 클라우드 플랫폼의 솔루션 자세히 보기",
0,Maps 맵스,,네이버 지도 기능을 활용해 다양한 위치 기반 서비스를 만들 수 있는 네이버 클라우드 플랫폼의 서비스 자세히 보기,
0,Maps 맵,,다양한 위치 기반 서비스를 만들 수 있는 네이버 지도 서비스 자세히 보기,
0,MariaDB 마리아 디비,,MySQL과 높은 호환성을 유지하는 오픈소스 기반의 데이터베이스 관리 시스템(RDBMS) 자세히 보기,
0,Marketplace 마켓플레이스,,네이버 클라우드 플랫폼의 솔루션을 검색하고 이용 신청할 수 있는 공간 자세히 보기,
0,Master Master,,Cloud DB 상품에서 고가용성 기능을 사용 중인 경우 메인 서버,
0,Master Key 마스터 키,,고객이 KMS에 생성하여 관리하는 키. 어떠한 경우에도(시스템 운영자라 할지라도) 키값을 직접적으로 확인할 수 없고 KMS 시스템 외부로 노출되지 않으며 일반적으로 데이터키나 크리덴셜을 봉인하는 용도로 사용하는 것을 권장. KMS 이용 가이드에서는 키나 마스터 키라는 용어로 지칭,
0,Master Node 마스터노드,,네이버 클라우드 플랫폼의 Cloud Hadoop 클러스터에서 작업자 노드를 모니터링하는 관리자 노드,
0,Media Media,,저렴한 비용으로 쉽고 빠르게 고품질의 미디어 콘텐츠를 변환하고 서비스할 수 있도록 지원하는 네이버 클라우드 플랫폼의 서비스 카테고리,
0,Media Access Control MAC 매체 접근 제어 맥,,IEEE가 정의한 데이터 링크 계층의 두 가지 서브 레이어 중의 하위 레이어,
0,Media Access Control Address MAC Address 미디어 접근 제어 주소 맥 주소,,LAN에 연결하는 모든 포트나 장치에 필요한 표준화된 데이터 링크 계층 주소,
0,Media Services 미디어 서비스,,Live와 VOD 관련 서비스를 쉽고 빠르게 안정적으로 구축할 수 있는 네이버 클라우드 플랫폼의 솔루션 자세히 보기,
0,Member 회원,,네이버 클라우드 플랫폼 포털에 가입한 개인 계정이나 사업자 계정,
0,memberNo memberNo,,NRN에서 리소스를 소유하는 네이버 클라우드 플랫폼 회원 번호값으로 일부 리소스의 NRN에는 리전이 필요하지 않으므로 생략 가능(예: 2942),
0,Membership Service Provider MSP 멤버십 서비스 제공자,,"하이퍼레저 패브릭에서 하나의 조직멤버십을 나타내는 추상화된 객체로, 자신의 신원을 관리하고 인증하는 규칙을 정의",
0,Member² 구성원,,"네이버 클라우드 플랫폼의 WORKPLACE에서 조직도의 직원 정보를 바탕으로 인사 발령, 조직 개편, 증명서 관리 등 기본 인사 업무를 효과적으로 지원하는 기능",
0,Memory Modulation Detection 메모리 변조 탐지,,"변수 조작, 결제 우회 등 부당 이득 취득에 악용하고자 동작하는 Application Process의 메모리를 변경하는 행위를 탐지하는 행위. App Safer가 이러한 메모리 변화를 실시간으로 탐지하는 서비스 제공",
0,Message 메시지,,네이버 클라우드 플랫폼의 네이버웍스에서 LINE의 쉽고 간편한 사용 방법 그대로 별도 교육 없이 사용할 수 있는 안전한 업무용 메신저 기능,
0,Message Queuing Telemetry Transport MQTT Message Queuing Telemetry Transport 엠큐티티,,"사물 통신(M2M: Machine to Machine), 사물 인터넷(IoT: Internet of Things)과 같이 대역폭이 제한된 통신 환경에 최적화하여 개발된 푸시 기술(push technology) 기반의 경량 메시지 전송 프로토콜(출처: 한국정보통신기술협회)",
0,Message-Digest Algorithm 5 MD5 메시지 다이제스트 알고리즘 파이브 엠디파이브,,RFC 1321로 지정되어 있는 128비트의 출력값(해시 값)을 생성하는 암호화 해시 함수. 흔히 MD5로 지칭하며 File Safer에서는 MD5를 16진수 32바이트로 표기(예: 9c2f83f1742a29c109ee8f2239ee87d8),
0,META Commerce 메타커머스,,"Linux + Apache + MySQL + PHP + META-Commerc 설치 프로세스를 원클릭으로 시작할 수 있는 오픈소스 설치형 이커머스 서비스 솔루션(독립형) 상품으로, 리눅스를 운영체제로 사용하면서 Apache Web ServerMySQL을 활용한 쇼핑몰 구축 서비스 플랫폼",
0,Metadata 메타데이터,,다른 데이터에 대한 설명 역할을 수행하는 데이터에 관한 구조화된 데이터. 대량의 정보 가운데에서 찾고 있는 정보를 효율적으로 검색하여 이용하기 위해 일정 규칙에 따라 콘텐츠에 부여되는 데이터,
0,Method 메소드,,"HTTP 프로토콜에서 웹 서버가 요청 및 응답 데이터 전송 시 사전에 약속된 동작 방식. W3C에서는 GET, POST를 비롯 8가지의 메소드를 정의",
0,Metric 메트릭,,네이버 클라우드 플랫폼의 Cloud Insight가 수집하는 성능 지표로 System Metric과 Custom Metric으로 구분,
0,Micro Server 마이크로 서버,,네이버 클라우드 플랫폼에 한국 거주 회원으로 가입하고 결제 수단 등록 시 1년간 1인당 무료로 체험해볼 수 있는 Micro 타입의 리눅스 전용 서버로 CentOS와 Ubuntu 운영체제 지원,
0,Microservice Architecture MSA 마이크로서비스 아키텍처,,대규모 소프트웨어 개발에 적용하기 위한 것으로 단독으로 실행 가능하고 독립적으로 배치될 수 있는 작은 단위(모듈)로 기능을 분해하여 서비스 하는 아키텍처(출처: 한국정보통신기술협회),
0,Microsoft Structured Query Language MSSQL 마이크로소프트 구조화 질의 언어 엠에스에스큐엘,,Microsoft가 제공하는 대표적인 관계형 데이터베이스 관리 시스템(RDBMS) 자세히 보기,
0,Migration Support Program ACE 마이그레이션 지원 프로그램 ACE,,기존 온 프레미스(On-Premise) 환경에서 클라우드 도입을 고려하고 있거나 타 클라우드 서비스에서 네이버클라우드로 교체를 고려하고 있어 마이그레이션이 필요한 경우 단계별 마이그레이션을 지원하는 네이버 클라우드 플랫폼의 지원 프로그램 중 하나,
0,MinMax Capacity of Auto Scaling Group 오토 스케일링 그룹의 최소 최대 용량,,"Auto Scaling Group의 최소최대 서버 수. 최소 서버 수의 경우 항상 이 값과 같거나 이 값보다 더 큰 서버 수가 유지되며, 0으로 설정 시 서버를 한 대도 보유하지 않는 상태를 유지 가능",
0,Miss 미스,,"요청한 콘텐츠가 CDN 캐시 서버에 없을 경우 원본 서버로부터 콘텐츠를 전송받은 후 서버에 저장하는 행위. 이전에 요청된 이력이 없거나 유효 시간이 만료된 경우, 요청되었지만 응답한 적이 없거나 캐시하지 않도록 설정했을 경우에만 발생",
0,MNIST MNIST,,"숫자의 손글씨 이미지 데이터셋으로 60,000개의 train dataset, 10,000개의 test dataset 으로 이루어져 있고 각 이미지에 대응되는 숫자 레이블 데이터 존재",
0,Mobile Dynamic Map Mobile Dynamic Map,,JavaScript를 사용하지 않고도 웹 페이지에서 네이버 지도를 이용해 쉽게 위치를 표시하고 안내할 수 있는 Static Map(정적 지도)을 제공하는 네이버 클라우드 플랫폼의 서비스,
0,Mobile Dynamic Map Android Mobile Dynamic Map Android,,Android 운영체제의 모바일 환경에서 네이버 지도를 이용해 쉽게 위치를 표시하고 안내할 수 있는 네이버 클라우드 플랫폼의 서비스,
0,Mobile Dynamic Map iOS Mobile Dynamic Map iOS,,iOS 운영체제의 모바일 환경에서 네이버 지도를 이용해 쉽게 위치를 표시하고 안내할 수 있는 네이버 클라우드 플랫폼의 서비스,
0,Mongo Database MongoDB 몽고데이터베이스 몽고디비,,전세계에서 가장 인기 있고 많이 사용하고 있는 오픈 소스 기반의 문서 저장 데이터베이스(Document Store Database),
0,Monitoring Monitoring,,컴퓨팅 자원의 상태를 모니터링하고 이벤트가 발생하면 사용자에게 통보하는 네이버 클라우드 플랫폼의 서비스 자세히 보기,
0,MSSQL Log Collector Lazylog MSSQL Log Collector Lazylog,,장애 분석이나 성능 분석을 위한 필수 데이터 수집용으로 네이버 클라우드 플랫폼이 배포하는 SQL 서버 로그 수집 프로그램,
0,Multi-Factor Authentication MFA 멀티팩터 인증 엠에프에이,,"지식(knowledge), 소유(possession), 속성(inherence) 분류 중 적어도 두 가지에 한해 별도의 여러 증거 부분을 인증 매커니즘에 성공적으로 제시한 이후에만 사용자가 접근 권한이 주어지는 컴퓨터 접근 제어 방식",
0,Multi-Zone 멀티존,,국가 단위의 리전 내에서 물리적으로 분리되어 구성된 데이터센터 및 네트워크,
0,Multiple Network Interface Controller Multi-NIC Domain 멀티 네트워크 인터페이스 컨트롤러 도메인 멀티 닉 도메인,,"단일 Virtual Network를 통해서 연결이 가능한 범위. Virtual Network를 통해서 추가된 Network Interface간 네트워크 통신은 같은 Multi-NIC Domain 내에서만 가능하며, Multi-NIC Domain이 다른 경우에는 추가된 Network Interface간 통신은 불가 자세히 보기",
0,Multipurpose Internet Mail Extensions MIME 다목적 인터넷 메일 확장 마임,,"본래 이메일과 함께 동봉할 파일을 텍스트 문자로 전환해서 이메일 시스템을 통해 전달하기 위해 개발되었으나, 현재는 웹을 통해서 여러 형태의 파일을 전달할 때 쓰는 파일 변환 방식",
0,Multitenant 멀티테넌트,,서로 다른 복수의 서비스 사업자나 사용자의 컴퓨팅 자원이 하나의 데이터 센터에 동시에 상주하는 경우(출처: 한국정보통신기술협회),
0,My Chart My Chart,,네이버 클라우드 플랫폼의 Monitoring에서 자주 모니터링해야 하는 아이템이나 서버를 하나의 차트로 등록하여 관리하는 기능,
0,My Group My Group,,네이버 클라우드 플랫폼의 Monitoring에서 이상 동작을 하는 서버를 쉽게 확인하고 성능 지표를 비교하기 위해 생성한 서버들의 그룹 ,
0,My Page 마이페이지,,네이버 클라우드 플랫폼에 제공하는 다양한 서비스 이용 현황을 확인하고 관리할 수 있는 네이버 클라우드 플랫폼의 포털 메뉴,
0,My Structured Query Langugae MySQL 마이에스큐엘,,가장 많이 사용하고 있는 오픈 소스 관계형 데이터베이스 관리 시스템(RDBMS) 자세히 보기,
0,MY Voice MY 보이스,,CLOVA Dubbing에서 프로젝트에 사용하기 위해 사용자가 원하는 스타일로 직접 제작한 클로바 보이스,
0,Name Server Record NS Record 네임 서버 레코드 엔에스 레코드,,소유 도메인 이름의 DNS 서버(네임 서버)를 지정하는 것. 보통 하위 도메인 이름을 다른 DNS 서버가 관리하도록 위임(delegation) 시 사용,
0,Namespace 네임스페이스,,개체를 구분할 수 있는 범위를 나타내는 것. 일반적으로 하나의 이름 공간에서는 하나의 이름이 단 하나의 개체만을 가리킴,
0,NAVER Cloud Platform 네이버 클라우드 플랫폼,,고객 중심의 맞춤형 클라우드 서비스를 제공하는 네이버클라우드의 플랫폼,
0,NAVER Cloud Platform Certified Associate NAVER Cloud Platform Certified Associate,,네이버 클라우드 플랫폼 기술자격증 1단계로 클라우드에 대한 기본적인 이해가 있고 네이버 클라우드 플랫폼을 이용한 인프라 구성이 가능한 수준,
0,NAVER Cloud Platform Certified Expert NAVER Cloud Platform Certified Expert,,네이버 클라우드 플랫폼 기술자격증 3단계로 클라우드에 대한 전문적인 지식이 있고 트러블 슈팅과 커스터마이징이 가능한 수준,
0,NAVER Cloud Platform Certified Professional NAVER Cloud Platform Certified Professional,,네이버 클라우드 플랫폼 기술자격증 2단계로 클라우드에 대한 전문적인 지식이 있고 네이버 클라우드 플랫폼을 활용하여 인프라를 독자적으로 구축할 뿐만 아니라 다양한 기능을 구현할 수 있으며 트러블 슈팅까지 가능한 수준,
0,NAVER Developers 네이버 개발자 센터,,"네이버에서 제공하는 다양한 서비스와 콘텐츠를 이용할 수 있는 오픈 API의 사용 방법 및 개발 소스와 팁, 관련 기술문서 공유, 개발자 포럼 등을 운영하는 개발 지원 사이트",
0,NAVER Maps App Connected URL Scheme 지도앱 연동 URL Scheme,,"외부 앱이나 웹 페이지에서 네이버 지도 앱을 실행해 장소 표시, 검색, 길찾기, 내비게이션 등 다양한 지도 기능을 수행할 수 있는 네이버 클라우드 플랫폼의 서비스",
0,NAVER Smart Machine Learn Platform NSML NAVER Smart Machine Learn Platform NSML,,개발자와 연구자가 언제 어디서나 인공지능을 연구하고 학습할 수 있도록 네이버 인공지능 연구팀이 직접 개발한 네이버 클로바 AI 개발 플랫폼,
0,NAVER WORKS 네이버웍스,,네이버의 IT 기술력과 보안 노하우를 기반으로 업무에 필요한 기능을 하나로 통합한 네이버 클라우드 플랫폼의 업무용 온라인 협업 도구 서비스 자세히 보기,
0,Ncloud resource names NRN Ncloud Resource Names NRN,,네이버 클라우드 플랫폼의 모든 리소스를 표현하기 위한 네이밍 규칙,
0,Ncloud Tool Kit NTK Ncloud Tool Kit NTK,,네이버 클라우드 플랫폼에서 제공 중인 리눅스 서버의 상태를 진단해볼 수있는 진단 툴,
0,Network ACL NACL Network ACL NACL,,VPC의 Subnet에서 InboundOutbound의 네트워크 접근 제어를 지원하는 기능으로 Stateless 기반 동작,
0,Network Address Translation NAT 네트워크 주소 변환 나트,,전역적으로 고유한 IP 주소의 필요성을 줄이기 위한 매커니즘. 전역적으로 고유하지 않은 주소를 가진 조직체가 그 주소를 전역적으로 라우팅할 수 있는 주소 공간으로 변환하여 인터넷에 연결할 수 있으며 Network Address Translator라는 명칭으로도 사용,
0,Network Address Translation Gateway NAT Gateway 네트워크 주소 변환 게이트웨이 나트 게이트웨이,,비공인 IP를 가진 다수의 서버를 인터넷상의 공인 IP를 가진 고객의 호스트와 연결하는 장치 자세히 보기,
0,Network Address Translator 네트워크 주소 변환기,,사설 IP를 공인 IP로 변환하여 인터넷 연결을 제공하는 장비. 흔히 Network Address Translation으로 지칭,
0,Network Functions Virtualization 네트워크 기능 가상화,,"네트워크의 방화벽, 트래픽 부하 제어 관리, 라우터 등과 같은 하드웨어 장비의 기능과 처리 기능을 서버단에서 소프트웨어로 구현하는 기술(출처: 한국정보통신기술협회)",
0,Network Interface NI 네트워크 인터페이스 엔아이,,하드웨어나 소프트웨어 간 통신을 위해서 만들어진 물리적인 매개체나 프로토콜,
0,Network Management System NMS 네트워크 관리 시스템 엔엠에스,,네트워크의 적어도 한 부분을 관리하는 일을 담당하는 시스템. 일반적으로 엔지니어링 워크스테이션과 같은 상당히 강력하고 장비를 잘 갖춘 컴퓨터를 의미하며 네트워크 통계 자료와 리소스 추적에 도움이 되는 에이전트와 통신하는 기능을 수행,
0,Network Traffic Monitoring NTM 네트워크 트래픽 모니터링 엔티엠,,고객 서버에서 발생하는 트래픽을 수집하고 분석하여 정보를 제공하는 서비스 자세히 보기,
0,Network-Attached Storage NAS 네트워크 결합 스토리지 나스,,다수의 서버가 네트워크로 연결해 사용할 수 있는 스토리지 자세히 보기,
0,Networking Networking,,언제 어디서나 빠르고 안정적인 네트워크 환경을 구축해 막힘 없는 서비스를 구현하도록 지원하는 네이버 클라우드 플랫폼의 서비스 카테고리 자세히 보기,
0,Neural End-to-end Speech Transcriber NEST Neural End-to-end Speech Transcriber NEST,,End-to-end 방식으로 학습하여 정형화되지 않은 길고 복잡한 문장에 대해서도 정확한 음성 인식이 가능한 CLOVA 음성 인식 기술,
0,NFS Client Provisioner NFS Client Provisioner,,기존에 구성된 NFS 서버에 PVC(Persistent Volume Claim)를 통한 PV(Persistent Volume)를 자동 생성해주는 Provisioner,
0,Node 노드,,재분배 지점이나 통신 종단점. 네트워크 기본 요소인 지역 네트워크에 연결된 컴퓨터와 그 안에 속한 장비를 통틀어 하나의 노드라고 지칭,
0,Node.js Node.js,,"Linux + Node.js의 Stack 설치 프로세스를 원클릭으로 시작할 수 있는 설치형 서비스 상품으로, 리눅스를 운영체제로 사용하면서, Node.js를 활용한 Javascript Development Stack 서비스 플랫폼",
0,Not Only Structured Query Language NoSQL 비관계형 데이터베이스 에스큐엘 노에스큐엘,,전통적인 관계형 데이터베이스보다 덜 제한적인 일관성 모델을 이용하는 데이터의 저장 및 검색을 위한 매커니즘을 제공하는 서비스,
0,nrn nrn,,데이터가 NRN(Ncloud Resource Names)임을 나타내는 구분자,
0,nShort Uniform Resource Locator nShortURL 단축 URL 서비스 엔쇼트유알엘,,긴 URL을 짧게 줄여주는 서비스. 글자 수 제한이 있는 SNS나 SMS를 이용 시 유용한 기능 자세히 보기,
0,Object 객체,,"저장 공간에서 할당되어 값을 가지거나 식별자에 의해 참조되는 공간(변수, 자료 구조, 함수 또는 메소드)",
0,Object Detection 객체 탐지,,이미지 내 사람 및 자동차 등 객체의 타입과 위치를 감지하여 정보를 제공하는 기능 자세히 보기,
0,Object Life Cycle 오브젝트 생명주기,,네이버 클라우드 플랫폼의 Archive Storage에서 오브젝트 단위로 원하는 시간에 자동 삭제되도록 설정하는 기능,
0,Object Migration Object Migration,,다른 클라우드 환경에 있는 데이터를 네이버클라우드 환경으로 안전하고 빠르게 마이그레이션할 수 있는 네이버 클라우드 플랫폼의 서비스,
0,Object Storage 오브젝트 스토리지,,어떤 종류의 데이터든지 언제 어디서나 데이터를 저장하고 확인할 수 있는 객체 스토리지 서비스 자세히 보기,
0,OCR OCR 광학 문자 인식 오씨알,,Optical character recognition의 약자로 이미지(사진) 속 글자 위치를 찾고 어떤 글자인지 자동으로 알아내는 광학 문자 인식 기술 자세히 보기,
0,On the Fly 온더 플라이 기록,,데이터를 미리 생성해두지 않고 요청 받은 시점에 실시간으로 처리하는 방식,
0,Online Certificate Status Protocol OCSP 온라인 인증서 상태 프로토콜 오씨에스피,,사용자의 실수나 고의로 폐지된 공인인증서가 사용되는 것을 방지하기 위해 공인인증서 유효성을 실시간으로 검증하여 결과를 제공하는 서비스,
0,Online Transaction Processing OLTP 온라인 트랜잭션 처리 오엘티피,,"컴퓨터 시스템을 사용하는 트랜잭션 데이터 관리를 의미. 조직의 일상적인 작업에서 발생하는 비즈니스 상호 작용을 기록하고, 이 데이터를 쿼리하여 유추할 수 있도록 지원",
0,OpenFlow 오픈플로우,,"OpenFlow 스위치, OpenFlow 컨트롤러로 구성되며, 흐름(flow) 정보를 제어하여 패킷의 전달 경로 및 방식을 결정하는 것. OpenFlow 스위치 내부에는 패킷 전달 경로와 방식에 대한 정보를 가지고 있는 FlowTable이 존재하는데, 패킷이 발생하면 제일 먼저 FlowTable이 해당 패킷에 대한 정보를 가지고 있는지 확인 후 패킷 정보가 존재하면 패킷을 처리하고, 정보가 존재하지 않으면 해당 패킷에 대한 제어 정보를 OpenFlow 컨트롤러에 요청하는 프로세스로 진행",
0,OpenTSDB OpenTSDB,,"HBase를 기반으로 분산, 확장이 가능한 Time Series Database로 서버(OS, 네트워크, 어플리케이션 등)에서 수집한 메트릭 데이터를 저장하고 인덱싱하여 사용자에게 제공",
0,"Ordering Service Node OSN, Orderer 지시자",,하이퍼레저 패브릭에서 클라이언트로부터 오는 트랜잭션을 순서화하고 최종 블록을 만들어 피어로 전달하는 주체,
0,Organization² Organization²,,네트워크에 참여하는 허가받은 조직으로 MSP(Membership Service Provider)를 통해 정의하는 하이퍼레저 패브릭의 구성 요소 중 하나,
0,Organization¹ Organization¹,,"조직이 소유하고 있는 모든 계정의 비용을 통합 결제하고, 모든 계정의 비용을 중앙에서 확인하고 정책을 관리할 수 있는 네이버 클라우드 플랫폼의 서비스 자세히 보기",
0,OS Security Checker OS Security Checker,,"Windows, Linux(CentOS, Ubuntu) 운영체제의 보안 설정을 점검하는 서비스",
0,Package 패키지,,"액션과 피드를 공유하는 단위. 패키지를 사용하여 연관된 액션들과 피드들을 하나의 단위로 관리할 수 있고, 다른 사용자와 공유 가능. Cloud Functions에서는 미리 유용한 공유 패키지를 제공 자세히 보기",
0,Packet 패킷,,"데이터 통신에서 전송 단위가 되는 문자나 숫자의 정보로 이루어진 메시지. 이 메시지는 헤더와 데이터부로 구성되며, 헤더에는 주로 이 메시지의 수신지에 관한 정보를 포함",
0,Page Rendering 페이지 렌더링,,브라우저가 HTML을 표현하고 JavaScript를 실행하면서 페이지를 구성하는 하위 이미지를 로딩하는 데 걸리는 시간,
0,Pagination 페이지 매김,,보고서 내 페이지 수와 페이지별 보고서 항목이 정렬되는 방식,
0,Papago Doc Translation Papago Doc Translation,,문서 내 소스 언어로 작성된 텍스트를 추출하여 타깃 언어로 번역하는 네이버 클라우드 플랫폼의 서비스,
0,Papago Korean Name Romanizer 파파고 한국 인명 로마자 변환,,현행 로마자 표기법에 맞춰 한글 이름을 로마자로 변환해주는 서비스 자세히 보기,
0,Papago Language Detection Papago Language Detection,,입력한 텍스트의 언어를 자동으로 감지하는 네이버 클라우드 플랫폼의 서비스,
0,Papago Neural Machine Translation Papago NMT 파파고 인공신경망 기계 번역 파파고 엔엠티,,인공신경망 기반 번역 알고리즘을 통해 입력한 텍스트를 다양한 언어로 자동 번역하는 서비스. 문구를 쪼개어 번역하는 대신 통째로 번역하기 때문에 맥락을 고려한 자연스러운 번역 결과 추출 가능 자세히 보기,
0,Papago Text Translation Papago Text Translation,,Papago NMT 서비스의 새로운 이름,
0,Papago Website Translation Papago Website Translation,,웹페이지 내 소스 언어로 작성된 HTML 문서나 element를 타깃 언어로 번역하는 네이버 클라우드 플랫폼의 서비스,
0,Partner Portal 파트너 포털,,제휴 제안이 승인되어 계약을 체결한 파트너를 위해 네이버 클라우드 플랫폼에서 별도 운영하는 사이트로 파트너가 보유하고 있는 고객을 효과적으로 관리할 수 있으며 다양한 소통 창구와 지원 콘텐츠 공유로 최상의 협업을 도모하는 공간,
0,Partner² 파트너²,,네이버 클라우드 플랫폼과 함께 더 큰 성공을 경험할 파트너 제휴 프로그램에 대한 정보를 확인하고 제휴 제안을 할 수 있는 네이버 클라우드 플랫폼의 포털 메뉴,
0,Partner³ Partner,,"네이버 클라우드 플랫폼의 Game 상품군에서 펫, 친구, 드론과 같이 콘텐츠를 수행할 때 동반하여 같이 수행되는 게임 리소스",
0,Partner¹ 파트너¹,,"네이버클라우드와 상생하는 긴밀한 관계로서 고객에게 네이버 클라우드 플랫폼의 다양한 서비스에 대한 판매 및 기술 지원 등의 역할을 담당하는 대상. 고객에게 제공하는 서비스 종류와 목적에 따라 서비스 파트너, 솔루션 파트너, 컴피턴시 파트너로 구분",
0,Peer 피어,,하이퍼레저 패브릭에서 원장(Ledger)를 보유한 기본 노드로 트랜잭션 요청을 검증하고 전파,
0,Peer IP Peer IP,,외부에 있는 고객 네트워크의 IPsec VPN Gateway가 가지고 있는 Public IP 주소,
0,Permission 권한,,특정 파일이나 경로를 사용할 권한을 설정하는 기준이자 그 기준으로 만든 설정 그 자체,
0,Permissioned Blockchain 허가형 블록체인,,"MSP(Membership Service Provider)를 통해 허가된 참여자만 접근을 허용하고, 권한 제어가 가능한 블록체인 시스템",
0,Personal Folder 개인 폴더,,네이버 클라우드 플랫폼의 WORKBOX에서 사용자가 다른 협업 동료와 공유하지 않고 개인적으로 업무에 사용할 폴더(파일)를 설정하고 관리할 수 있는 기능 메뉴,
0,Pinpoint 핀포인트,,"분산 서비스 및 시스템의 성능 분석, 진단, 추적 플랫폼을 서버 설치형으로 제공하는 서비스 자세히 보기",
0,Pinpoint Cloud 핀포인트 클라우드,,"대규모 분산 서비스 및 시스템의 성능 분석, 진단, 추적 플랫폼을 클라우드 환경에서 간편하게 사용할 수 있는 서비스 자세히 보기",
0,Plaintext 평문,,"암호화하기 전 보통문, 일반 문서, 자료를 의미",
0,Platform as a Service PaaS 플랫폼형 서비스 파스,,"소프트웨어 서비스를 개발할 때 필요한 플랫폼을 제공하는 서비스. 사용자는 PaaS에서 필요한 서비스를 선택해 애플리케이션을 개발하고, PaaS 운영 업체는 개발자가 소프트웨어를 개발할 때 필요한 API를 제공해 개발자가 좀 더 편하게 앱을 개발할 수 있게 돕는 역할 수행",
0,player library player library,,네이버 클라우드 플랫폼의 Video Player 이용 신청 후 비디오 플레이어 생성 시 콘솔에서 지정한 스토리지에 생성되는 파일 ,
0,PlayReady PlayReady,,Microsoft에서 제공하는DRM 기술 규격으로 Common Encryption규격에 따라 AES-128 방식으로 암호화,
0,Pledge 서약서,,네이버 클라우드 플랫폼의 WORKPLACE에서 직접 만든 서약서에 웹이나 모바일로 직원들의 동의를 받는 기능,
0,Pointer Record PTR Record 포인터 레코드 피티알 레코드,,"IP 주소로 해당 도메인 이름을 찾을 수 있도록 IP 주소에 해당하는 도메인 이름을 지정하는 레코드로, A 레코드와 반대되는 개념",
0,Policy 정책,,"Auto Scaling이 일어나는 방식. Scale-out, Scale-in 발생 시 가상 서버 증감 범위를 대수나 %로 정의",
0,Portal 포털,,"네이버 클라우드 플랫폼이 제공하는 다양한 서비스와 솔루션, 혜택, 사용 방법 가이드, 교육, 문의 등 정보를 확인하거나 요금 현황을 관리할 수 있는 사이트로 네이버 클라우드 플랫폼 상품을 이용할 수 있는 콘솔로 이동 가능",
0,Pose Estimation 포즈 인식,,이미지 속 사람을 감지하고 몇 명이 어떤 포즈를 취하고 있는지에 대한 좌표 정보를 얻을 수 있는 기능 자세히 보기,
0,Post 게시판,,네이버 클라우드 플랫폼의 WORKPLACE에서 우리 회사의 중요한 소식과 다양한 정보를 공유하는 게시판 기능,
0,PostgreSQL 포스트그레스큐엘,,지리 정보 처리와 엔터프라이즈 개발에 최적화된 오픈 소스 관계형 데이터베이스 관리 시스템 자세히 보기,
0,Prefix 프리픽스,,IP 주소에서 네트워크 ID에 해당하는 선두 상위 비트들의 집합,
0,Presto Presto,,기가바이트에서 페타바이트에 달하는 빅데이터에 대해 인터렉티브한 분석을 할 수 있게 하는 분산형 SQL 쿼리 엔진,
0,Pricing 요금,,실용적인 서비스 구성과 시간 단위 종량제로 사업을 유연하게 운용할 수 있는 요금 정보를 확인할 수 있는 네이버 클라우드 플랫폼의 포털 메뉴,
0,Primary Shard 프라이머리 샤드,,단일 데이터를 다수의 데이터베이스로 쪼개어 나눈 블록들의 구간,
0,Private Branch Exchange PBX 기업용 전화 시스템 피비엑스,,자동으로 전화를 연결해 주는 구내 전화교환시스템,
0,Private CA 사설 CA,,"사설 CA를 운영하고, 사설 인증서를 간편하게 발급 및 관리하는 서비스 자세히 보기",
0,Private Certificate 사설 인증서,,"법적으로 인가받지 않은 사설 인증 기관(CA)로부터 발급과 폐기, 관리되는 인증서",
0,Private Cloud 프라이빗 클라우드,,특정 조직이 가상화된 인프라를 소유하고 해당 조직을 위해서만 서비스를 제공하는 클라우드 환경(출처: 한국정보통신기술협회),
0,Private Intermediate CA 사설 중간 CA,,"CA 계층 구조에서 중간 계층의 CA로 기능상으로는 루트 CA와 동일하며, 마찬가지로 CA 인증서를 서명하여 하위 계층 구조 구성 가능",
0,Private Internet Protocol Address Private IP Address 사설 인터넷 프로토콜 주소 사설 아이피 주소,,"Private Subnet의 사설 IP 주소 영역에 포함되도록 할당하는 IP 주소. 네트워크 주소를 포함하여 초기 10개의 IP는 관리용으로 예약되며, 네트워크 주소와 CIDR 형식의 서브넷 bit를 입력",
0,Private Root CA 사설 루트 CA,,CA 계층 구조에서 최상위 계층에 위치하여 루트 CA의 역할을 수행하는 CA로 중간 CA 인증서 발급 가능,
0,Private Subnet 프라이빗 서브넷,,서버간 내부 통신을 할 수 있는 독립된 가상 네트워크 환경을 제공하는 서비스 자세히 보기,
0,Private Trust Boundary 사설 신뢰 구간,,프로그램 데이터나 실행이 자신의 신뢰 수준을 변경하는 범위,
0,Product 상품,,네이버 클라우드 플랫폼이 고객에게 제공하고 있는 유형무형의  모든 서비스와 솔루션을 두루 지칭. 서비스와 동일한 의미로 사용하기도 함,
0,productName productName,,"NRN에서 네이버 클라우드 플랫폼 서비스의 영문 식별 이름으로 사용되는 공통 상품 코드(예: Server, CDNplus, Subaccount)",
0,Professional Course Professional Course,,"네이버 클라우드 플랫폼 교육 과정 3단계로 네이버 클라우드 플랫폼 기술 자격증 취득을 위한 연계 과정으로서 가장 기초 레벨인 Associate 과정부터 Professional, Expert 과정으로 구성",
0,Provisioning 프로비저닝,,"사용자 요구사항에 맞게 시스템 자원을 할당, 배치, 배포해 두었다가 필요 시 시스템을 즉시 사용할 수 있는 상태로 준비하는 것",
0,Public Certificate 공인 인증서,,법적으로 인가받은 공인 CA로부터 엄격한 절차를 거쳐 발급되어 별다른 추가 설정 없이 SSLTLS나 전자서명을 통한 사용자 인증에 사용할 수 있는 인증서,
0,Public Cloud 공공 클라우드,,엄격한 심의 요건을 충족하고 다수의 보안 인증으로 안전성이 검증되어 공공 서비스에 최적화된 네이버클라우드의 공공기관 전문 클라우드 서비스 자세히 보기,
0,Public Cloud Service 퍼블릭 클라우드 서비스,,누구나 이용할 수 있는 클라우드 서비스. 데이터의 외부 저장에 대한 불안감 등으로 기업이 독자적으로 사용하는 프라이빗 클라우드 서비스의 상대적 개념(출처: 한국정보통신기술협회),
0,Public Internet Protocol Address Public IP Address 공인 인터넷 프로토콜 주소 공인 아이피 주소,,공인 기관에서 인증한 공개형 IP 주소,
0,Public IP Service 공인 IP 서비스,,공인 IP가 필요한 경우 고객이 지정한 서버에 공인 IP를 할당해 주는 서비스,
0,Public Key Infrastructure PKI 공개 키 기반 구조,,공개 키 암호 시스템을 안전하게 사용하고 관리하기 위한 정보 보호 표준 방식(출처: 한국정보통신기술협회),
0,Public Service 공공 서비스,,"물리적으로 분리된 인프라 및 네트워크, 보안, 별도의 재해복구 서비스 등 공공 기관 전용 클라우드 서비스를 제공하는 네이버 클라우드 플랫폼의 솔루션 자세히 보기",
0,Pull Request 풀 리퀘스트,,git에서 리파지토리의 변경 사항을 여러 사용자가 검토하며 브랜치 간 코드를 병합하는 기능을 제공하는 방법,
0,Purge 퍼지,,CDN 캐시 서버에 저장되어 있는 콘텐츠를 삭제하는 기능,
0,Quality of Service QoS 서비스 품질 큐오에스,,전송 품질과 서비스 가용성을 알려주는 전송 시스템의 수행 성능 척도,
0,Query 쿼리,,웹 서버에 특정한 정보를 보여달라는 웹 클라이언트 요청에 의한 처리,
0,Query Domain Specific Language Query DSL Query Domain Specific Language Query DSL,,네이버 클라우드 플랫폼의 Cloud Search에서 검색 엔진의 다양한 옵션을 활용할 수 있도록 json 형태로 지원하는 포맷,
0,Query String Query String,,네이버 클라우드 플랫폼의 Image Optimizer에서 검색 문자열을 의미하며 Image Optimizer가 지원하는 섬네일 생성 옵션들은 Query String을 사용하여 생성. type 파라미터 종속 옵션과 모든 type에 공통적으로 적용될 수 있는 전역 옵션으로 구성,
0,Question 질문,,챗봇 빌더에서 사용자로부터 인입될 예상 발화,
0,Queue 대기열,,컴퓨터의 기본적인 자료 구조. 먼저 넣은 데이터가 먼저 나오는 FIFO 구조로 저장하는 형식,
0,Quota Policy Quota Policy,,"네이버 클라우드 플랫폼의 Organization에서 마스터 계정이 계정 그룹에 부여한 이용 한도 정책으로 계정 그룹 내 각 계정들은 마스터 계정이 부여한 이용 한도 내에서만 리소스를 생성할 수 있으며, Quota Policy를 통해 이용 한도를 제한하지 않은 리소스는 각 멤버 계정의 이용 한도에 따라 자유롭게 생성 가능",
0,RabbitMQ 래빗엠큐,,메시지 시스템을 구성할 수 있는 AMQP 기반의 오픈소스 메시지 브로커인 RabbitMQ를 VM 설치형으로 제공하는 서비스 자세히 보기,
0,Re-Stream 동시 송출,,"각종 SNS 방송 플랫폼, YouTube, 아프리카TV 등 개인 방송 플랫폼으로 영상을 손쉽게 동시 송출을 할 수 있는 기능으로 네이버 클라우드 플랫폼의 Live Station을 통해 다양한 플랫폼으로 영상 동시 송출 및 송출 상태 확인 가능",
0,Real Time Messaging Protocol RTMP Real Time Messaging Protocol RTMP,,"오디오, 비디오 및 기타 데이터를 인터넷을 통해 스트리밍하는 경우 어도비 플래시 플레이어와 서버 통신에 사용되는 어도비 시스템즈사의 독점 컴퓨터 통신 규약",
0,Real Time Streaming Protocol RTSP 실시간 스트리밍 프로토콜 알티에스피,,오디오비디오 등 멀티미디어 데이터들을 실시간으로 전송하기 위한 응용계층 프로토콜,
0,Real User Analytics RUA 리얼 유저 애널리틱스 알유에이,,"실제로 웹 사이트에 접속하는 사용자의 성능 정보를 실시간으로 수집하여 특정 국가, 운영체제, 브라우저별 속도를 분석하는 서비스. 병목 발생 구간을 확인하여 웹 사이트 성능 향상 시 유용하게 사용 가능 자세히 보기",
0,Recognition Model 인식 모델,,"CLOVA OCR에서 인식 기술의 제공 범위별 종류로, 기본적인 인식 기능을 제공하는 Basic 모델과 필기체 인식 포함 더욱 다양한 인식 기능을 제공하는 Premium 모델로 구분",
0,Recovery Service 복구 서비스,,네이버 클라우드 플랫폼 백업 서비스 신청서를 작성하여 제출 시 업무 시간 기준 3시간 이내 신청한 복구 요청을 지원하는 서비스,
0,Red Hat Package Manager RPM Redhat Package Manager RPM,,레드햇에서 만든 패키지 배포 및 관리 프로그램(출처: 한국정보통신기술협회),
0,Redis 레디스,,고성능 오픈 소스 In memory 데이터 스토어 및 캐시 자세히 보기,
0,Redis Cluster Redis Cluster,,"Redis 설치를 실행하는 방법을 제공하며, 데이터는 여러 Redis 노드에서 자동으로 분할되는 클러스터",
0,Redundant Array of InexpensiveIndependent Disks RAID 복수 배열 독립 디스크 레이드,,"컴퓨터의 저장 장치로서 하나의 대형 저장 장치 대신에 다수의 일반 하드를 어레이로 구성하고, 데이터를 분할해서 분산 저장하거나 다중화하여 디스크 고장에 대비하여 데이터 안정성을 높인 컴퓨터 저장 장치",
0,Referrer Domain 참조자 도메인,,"콘텐츠를 지정된 도메인에만 제공하여 다른 사이트에서 참조되는 것을 방지하는 방식. www.domain.com이나 *.domain.com 형식을 지원하며, 숫자, 영문자, ""*"", ""-"", "".""만 사용 가능",
0,Region 리전,,좀 더 효율적인 서비스 구축 지원을 위해 주요 거점에 구축한 인프라,
0,regionCode regionCode,,NRN에서 리소스가 존재하는 리전의 이름으로 일부 리소스의 NRN에는 리전이 필요하지 않으므로 생략 가능(예: KR),
0,Registration Authority RA 등록 기관 RA,,인증 기관과 인증서 주체가 될 실체 사이의 중간 매개체 역할을 수행하는 실체(출처: 한국정보통신기술협회),
0,Registry 레지스트리,,"Windows 95, Windows 98, Windows NT와 같은 운영체제에서 환경설정 및 각종 시스템에 관련된 정보를 저장하는 장소",
0,Regularization 정규화,,모델의 일반화 오류를 줄여 과적합을 방지하는 기법의 총칭,
0,Relational DataBase Management System RDBMS 관계형 데이터베이스 관리 시스템 알디비엠에스,,관계형 데이터베이스를 생성하고 수정하고 관리할 수 있는 소프트웨어,
0,Reply 답변,,챗봇 빌더에서 등록한 질문이 사용자로부터 인입되었을 때 챗봇이 응답할 수 있는 내용,
0,Representational State Transfer REST 레스트 알이에스티,,"웹에 존재하는 모든 이미지, 동영상, 데이터베이스 등 자원에 고유한 URI를 부여해 활용하는 방법론으로 자원을 정의하고 자원에 대한 주소를 지정",
0,Reseller 리셀러,,서비스 파트너의 한 종류로 고객에게 필요한 기술 지원을 직접 하기 어렵거나 청구 관계를 관리할 인프라를 갖추지 않은 파트너,
0,Resource Resource,,NRN에서 서비스별로 정의하는 리소스 경로,
0,Resource Manager RM 자원 관리자 알엠,,컴퓨터 시스템을 구성하고 있는 하드웨어소프트웨어 자원 할당 작업을 완수하는 각종 제어 프로그램,
0,Resource Type 리소스 유형,,NRN에서 서비스별로 유사한 리소스를 그룹핑하여 정의한 유형,
0,RESTful API 레스트풀 에이피아이,,REST 원리를 준수하여 설계한 API,
0,Reverse Geocoding Reverse Geocoding,,네이버 지도에서 좌표를 주소 정보로 변환(coordsToAddr)하는  네이버 클라우드 플랫폼의 서비스,
0,Robotic Process Automation RPA Robotic Process Automation RPA,,소프트웨어 로봇(Bot) 또는 디지털 워커(worker)에 기반한 비즈니스 프로세스 자동화 기술,
0,Role² 역할,,네이버 클라우드 플랫폼의 Sub Account에서 정책으로 구성된 임시 자격 증명으로 하나의 역할에는 여러 개의 정책이 구성될 수 있으며 계정 내 소유한 서버에 할당하여 임시 자격 부여 가능,
0,Role¹ Role,,"Cloud DB 상품에서 DB 서버의 역할. Stand Alone, Master, Standby-Master의 세 종류 존재",
0,Root CA 루트 CA,,CA 계층 구조에서 최상위에 존재하는 최상위 인증 기관,
0,Root key 루트 키,,KMS 시스템을 보호하는 시스템 최상위 키. KMS의 모든 키 데이터는 루트 키로 암호화되어 스토리지에 저장,
0,Rooting 루팅,,"Android에서 시스템 권한을 얻는 행위. 시스템 권한을 얻으면 모든 앱을 대상으로 보안상 민감한 파일을 수정하거나 삭제할 수 있으며, 하드웨어 성능을 조절하는 행위가 가능하여 악용의 소지가 있으므로 App Safer의 경우 루팅 여부를 판단하여 검사하는 서비스 제공",
0,Rotation 회전,,여러 암호학적 위협에 대비하여 키를 갱신하는 작업,
0,Round Robin 라운드 로빈,,지정된 서버들에 대해 공평하게 순차적으로 요청을 전달하는 서버 부하 분산 방식,
0,Round-Trip Time RTT 왕복 시간 알티티,,"네트워크 통신이 발신 장치에서 수신 장치로, 그리고 그 반대 방향으로 이동하기까지 필요한 시간. RTT에는 수신 장치가 발신 장치에서 보낸 메시지를 처리하고 응답을 생성하는 데 필요한 시간이 포함되며, 일부 라우팅 알고리즘의 최적 경로 계산에 도움을 주기 위해 사용",
0,Route table 라우팅 테이블,,"VPC에서 네트워크 경로를 설정할 수 있는 기능을 제공하며, Destination과 Target으로 구성",
0,Router 라우터,,"하나 이상의 메트릭을 사용해 네트워크 트래픽을 포워딩해야 하는 최적 경로를 결정하는 네트워크 레이어 장치. 네트워크 레이어 정보를 기초로 한 네트워크에서 다른 네트워크로 패킷을 포워딩하는 역할을 하며, 때때로 게이트웨이라고 지칭",
0,Rule 룰,,"트리거와 룰을 통해 이벤트에 기반하여 액션 실행 가능하며 외부나 내부에서 발생한 이벤트를 전달하는 역할을 트리거가 수행. 룰은 사용자 액션이 이러한 이벤트에 반응하여 실행될 수 있도록 하고 하나의 트리거를 하나의 액션과 연결하며, 트리거 실행 시 트리거 이벤트를 입력으로 사용하여 해당 액션을 실행시키는 역할 수행 자세히 보기",
0,SaaS Biz Partner SaaS Biz Partner,,솔루션 파트너의 한 종류로 네이버 클라우드 플랫폼에서 SaaS 솔루션을 구축하고 직접 서비스 사업을 전개하는 파트너,
0,SaaS Program SaaS 프로그램,,"SaaS 제공 기업, SaaS 출시 예정 기업, SaaS 전환 예정 중소기업에게 필요한 클라우드 인프라는 물론 네이버클라우드의 할인 크레딧, 기술, 교육, 네트워킹 및 홍보, 비즈니스 혜택 등 다각화된 지원을 제공하는 네이버 클라우드 플랫폼의 지원 프로그램 중 하나",
0,Sales 영업,,네이버 클라우드 플랫폼의 WORKPLACE에서 영업 조직의 핵심 영업 활동을 효율적으로 지원하는 기능,
0,Sandbox 샌드박스,,외부로부터 받은 파일을 바로 실행하지 않고 보호된 영역에서 실행 시켜 봄으로써 외부에서 인입된 파일과 프로그램이 내부 시스템에 끼칠 악영향을 사전 방지하는 기술,
0,Scale-in  Scale-out 스케일 인스케일 아웃,,Auto Scaling Group을 생성하여 고객이 설정한 정책에 따라 사용하고 있는 가상 서버의 자동 확장(Scale-out) 및 자동 축소(Scale-in)하도록 제공하는 기능,
0,Schema 스키마,,"개체 특성을 나타내는 속성과 속성들의 집합으로 이루어진 개체, 개체 사이에 존재하는 관계에 대한 정의와 이들이 유지해야 할 제약 조건에 대한 기술",
0,Seal 봉인,,데이터 키나 크리덴셜을 암호화하는 행위,
0,Search Engine Service 서치 엔진 서비스,,"Elasticsearch 클러스터를 손쉽게 배포, 운영 및 확장 가능한 서비스 자세히 보기",
0,Search Trend 서치 트렌드,,네이버 통합검색 서비스를 통해 수집되는 검색어 통계를 다양한 기준으로 조회하고 활용할 수 있는 서비스 자세히 보기,
0,Secondary Authentication 2차 인증,,개인정보보호 및 안전한 서비스 이용을 위해 네이버 클라우드 플랫폼 로그인 시 아이디와 비밀번호 입력 후 진행하는 추가 본인 인증,
0,Secondary IP Secondary IP,,HA 솔루션 등에 활용할 수 있도록 서버에 할당되는 Network Interface에 추가하는 보조 IP,
0,Secure Hash Algorithm SHA 보안 해시 알고리즘 에스에이치에이,,"미국의 국가안보국 NSA(National Security Agency)가 전자 서명 알고리즘(DSA)에 적용하기 위해 메시지 다이제스트(MD) 방식으로 고안한 암호 해시 알고리즘. File Safer에서는 SHA-1을 지원하며, 16진수 40바이트로 표기(예: c2f785f44d44b3c2e4b24d1ff4330b683ab0fa7d)",
0,Secure Shell SSH 시큐어 셸 에스에스에이치,,암호화 기법을 이용하여 원격 서버 로그인 후 명령 수행 시 사용하는 프로토콜,
0,Secure Socket Layer SSL 보안 소켓 계층 에스에스엘,,전자 상거래에서 신용 카드 번호 전송과 같이 보안 관련 트랜잭션 제공 시 사용되는 웹용 암호화 기술,
0,Secure Sockets Layer Virtual Private Network SSL VPN 보안 소켓 계층 기반 가상 사설망 에스에스엘 브이피엔,,언제 어디에서든지 고객 사이트로 안전하게 접근 가능한 SSL 가상 사설망 자세히 보기,
0,Secure Token Service STS Secure Token Service STS,,네이버 클라우드 플랫폼의 Sub Account에서 보안을 위해 네이버 클라우드 플랫폼 리소스에 대한 액세스를 제어할 수 있는 임시 Access Key를 생성하여 사용하도록 지원하는 기능,
0,Secure Zone 시큐어 존,,정보통신망법 등 유관 법률 대응을 위한 인프라 및 네트워크 구성을 제공하는 서비스 자세히 보기,
0,Secure Zone Firewall Secure Zone Firewall,,Secure Zone 내 생성한 인스턴스로의 접근에 방화벽 정책을 설정해 접근을 제어할 수 있는 기능,
0,Security Security,,세계적 수준의 보안 기술을 통해 외부 위협으로부터 고객의 서비스와 데이터를 안전하게 보호하는 네이버 클라우드 플랫폼의 서비스 카테고리 자세히 보기,
0,Security Key 보안 키,,App Safer API 호출 시 사용자 및 앱 인증을 위한 확인 장치,
0,Security Monitoring 시큐리티 모니터링,,다양한 보안 위협으로부터 고객의 서비스를 안전하게 보호하기 위한 행위 자세히 보기,
0,Security Monitoring Basic Security Monitoring Basic,,네이버 클라우드 플랫폼을 사용하는 모든 고객에게 기본으로 제공되는 보안 서비스,
0,Security Monitoring Managed Security Monitoring Managed,,보안 전문 인력이 네이버 클라우드 플랫폼 고객의 서비스를 24시간 365일 보호하는 보안 관제 서비스,
0,Security Token 시큐리티 토큰,,QueryString 기반으로 설계되어 허용된 접근인 경우에 한해 콘텐츠를 전달하는 기능,
0,Sender Policy Framework Record SPF Record 메일 서버 등록제 레코드 에스피에프 레코드,,보안 정책을 지정하는 레코드. 주로 스팸 메일 방지를 위해 스팸 메일을 송신한 서버의 IP 주소 등을 명시해서 메일 주소를 사칭하지 못하게 하며 TXT(도메인 설명) 레코드 도메인에 대해서 텍스트 정보를 설정. 주로 SPF 레코드와 같은 용도로 사용,
0,Server 서버,,"물리적인 자원을 별도로 구매하지 않고, 클라우드 환경에서 빠르게 생성해 사용한 만큼만 비용을 지불하는 네이버 클라우드 플랫폼의 효율적인 서버 서비스 자세히 보기",
0,Server Image Builder 서버 이미지 빌더,,네이버 클라우드 플랫폼이 제공하는 다양한 VM 서버에 원하는 구성 정보(Provisioners)를 스크립트로 별도 관리할 수 있는 빌더,
0,Server Response Time 서버 응답 시간,,웹 서버가 브라우저의 요청에 응답하는 데 걸리는 시간,
0,Server Status Check Server Status Check,,서버에서 Xen Guest Monitoring 역할을 수행하는 Xen Tools Agent 자체가 비정상적인 동작을 하거나 다른 요인에 의해 서버가 비정상적인 동작을 하게 되면 서버 상태 점검을 위해 활성화되는 기능,
0,Service Domain 서비스 도메인,,서비스에서 콘텐츠 전송 시 사용자에게 노출되는 도메인. Global CDN 구성 후 이 도메인을 서비스 내에 링크해야 Global CDN을 통해 콘텐츠를 캐싱하여 전송 가능,
0,Service Partner 서비스 파트너,,고객에게 네이버 클라우드 플랫폼 상품을 판매하거나 필요한 기술 지원을 빠르게 제공하는 파트너 자세히 보기,
0,Service-Oriented Architecture SOA 서비스 지향 아키텍처,,기업의 소프트웨어 인프라인 정보 시스템을 공유와 재사용이 가능한 서비스 단위나 컴포넌트 중심으로 구축하는 정보 기술 아키텍처(출처: 한국정보통신기술협회),
0,Service² Service,,Cloud DB 상품에서 DB 서버를 역할별로 구분한 그룹,
0,Service¹ 서비스,,"네이버 클라우드 플랫폼 서비스별 특징, 상세 기능, 요금, 사용 가이드 정보 등을 확인할 수 있는 네이버 클라우드 플랫폼의 포털 메뉴",
0,Shadowsocks Shadowsocks,,"Linux + Shadowsocks Server 설치 프로세스를 원클릭으로 시작할 수 있는 설치형 서비스 상품으로, 리눅스를 운영체제로 사용하면서 Shadowsocks Server를 활용한 VPN(Virtual Private Network) 구축 서비스 플랫폼",
0,Shard 샤드,,DB 클러스터에서 분할된 데이터 단위,
0,Shared Folder 공유 폴더,,네이버 클라우드 플랫폼의 WORKBOX에서 협업 동료에게 공유할 폴더(파일)를 관리하고 공유 기준을 설정하여 링크로 공유하거나 직접 추가한 폴더(파일)나 접근 권한을 부여 받은 폴더(파일)의 공유를 설정하고 관리할 수 있는 기능 메뉴,
0,Shared Responsibility Model 책임 공유 모델,,클라우드에 구성한 고객의 리소스를 안전하게 보호할 수 있도록 클라우드 서비스 제공자와 고객이 각각 역할을 나누어 함께 책임을 다하는 것,
0,Shopping Data 쇼핑 데이터,,네이버 클라우드 플랫폼의 Data Analytics Service에서 네이버 애널리틱스를 통해 수집된 네이버 쇼핑 내 검색어에 대한 상품 카테고리의 성별 및 연령대별 클릭 데이터,
0,Simple Simple,,"Cloud DB 상품에서 Master, Slave의 이중화 구조를 사용하는 서비스 방식",
0,Simple & Easy Notification Service SENS 심플 앤 이지 노티피케이션 서비스 센스,,"SMS, PUSH 등을 통한 메시지 알림 기능을 구현할 수 있는 서비스 자세히 보기",
0,Simple Mail Transfer Protocol SMTP 간이 우편 전송 프로토콜 에스엠티피,,인터넷에서 전자우편 발송 시 이용하는 표준 통신 규약,
0,Simple Network Management Protocol SNMP 간이 망 관리 프로토콜 에스엔엠피,,"대부분의 TCPIP 네트워크에서 전용으로 사용되는 네트워크 관리 프로토콜. 네트워크 장치를 모니터링하고 제어하거나 환경설정, 통계 자료 수집, 수행 성능, 보안 기능 등을 관리하는 수단",
0,Simple RabbitMQ Service 심플 래빗엠큐 서비스,,AMQP를 기반으로 메시지를 좀 더 안전하게 전달할 수 있는 고가용성 메시지 브로커인 RabbitMQ 클러스터를 손쉽게 배포할 수 있는 서비스 자세히 보기,
0,Site Access Log 사이트 방문 로그,,네이버 클라우드 플랫폼의 Data Analytics Service에서 네이버 애널리틱스를 통해 수집된 사이트의 방문자 행동 로그,
0,Site Incoming Search Keyword 사이트 유입 검색어,,네이버 클라우드 플랫폼의 Data Analytics Service에서 네이버 애널리틱스를 통해 수집된 사이트의 방문 로그에 포함된 유입 검색어 가운데 네이버를 통해 검색된 검색어의 네이버 통합 검색 사용자 특성별 수치 데이터,
0,Site Safer 사이트 세이퍼,,회원이 개발한 웹 사이트가 해킹이나 다른 보안 문제로 인해 악성코드를 배포하는지 여부를 검사하는 서비스 자세히 보기,
0,Skill 스킬,,네이버 클라우드 플랫폼의 Game 상품군에서 게임 콘텐츠 중 사용되는 캐릭터나 파트너의 능력,
0,Smart Contract 스마트 계약,,분산원장기술(DLT: Distributed Ledger Technology)을 기반으로 하는 환경에서 일정 조건을 충족시키면 당사자 간에 거래가 자동으로 체결되는 소프트웨어 프로그램을 이용한 계약(출처: 한국정보통신기술협회),
0,SMARTWORK SMARTWORK,,"소상공인, 스타트업에서 대기업까지 기업의 특성과 니즈에 따라 업무 플랫폼을 구성하여 시간과 장소의 제한 없이 간편하게 업무를 처리하고 동료들과 쉽고 빠르게 소통할 수 있는 네이버 클라우드 플랫폼의 솔루션 자세히 보기",
0,Snapshot 스냅숏,,"스냅샷을 찍듯 특정 시점의 스토리지 데이터를 저장하고, 저장 데이터 필요 시 새로운 디스크 형태로 복구할 수 있는 기능. 스토리지 스냅샷을 이용하여 언제든지 저장된 시점의 데이터를 원하는 서버로 복구 가능 자세히 보기",
0,Software as a Service SaaS 소프트웨어형 서비스 사스,,"클라우드 환경에서 운영되는 애플리케이션 서비스. 모든 서비스가 클라우드에서 이뤄지며, 소프트웨어를 구입해서 PC에 설치하지 않아도 웹에서 소프트웨어를 대여하여 사용 가능",
0,Software Development Kit SDK 소프트웨어 개발 키트 에스디케이,,"소프트웨어 개발을 돕는 도구(예: App Safer에서는 모바일 기기의 루팅, 악성 앱, 위조 앱 감시가 가능한 보안 SDK(Software Development Kit, SDK)를 제공하며, SDK가 탑재된 단말의 API Call을 시스템에서 받아 보안 검사를 진행하도록 지원)",
0,Solid State Drive SSD 반도체 드라이브 에스에스디,,"반도체를 이용하여 정보를 저장하는 장치. 하드 디스크 드라이브에 비하여 속도가 빠르고 기계적 지연이나 실패율, 발열, 소음이 적으며 소형화 및 경량화 가능",
0,Solid State Drive Server SSD server 반도체 드라이브 서버 에스에스디 서버,,높은 IO 처리가 가능한 SSD가 장착된 서버 자세히 보기,
0,Solution Partner 솔루션 파트너,,네이버 클라우드 플랫폼에서 동작하는 소프트웨어 솔루션이나 SaaS 형태의 서비스를 제공하는 파트너 자세히 보기,
0,Solution² 솔루션²,,다양한 분야의 비즈니스 요구사항을 충족할 수 있는 분야별 솔루션의 특장점 등 정보를 확인하고 마켓플레이스를 통한 솔루션 이용 신청이 가능한 네이버 클라우드 플랫폼의 포털 메뉴,
0,Solution¹ 솔루션¹,,고객의 다양하고 복잡한 요구사항을 충족할 수 있도록 다양한 비즈니스 분야에 특화된 네이버 클라우드 플랫폼의 서비스   자세히 보기,
0,Source Branch 소스 브랜치,,git에서 변경 사항이 반영된 브랜치,
0,Source Internet Protocol Hash Source IP Hash 소스 인터넷 프로토콜 해시 소스아이피해시,,클라이언트의 Source IP 정보를 해시한 결과로 로드밸런싱을 실행하는 서버 부하 분산 방식,
0,SupportㆍFAQ 고객지원ㆍFAQ,,궁금증을 편리하고 빠르게 해결할 수 있는 다양한 채널과 유익한 교육 콘텐츠를 소개하는 네이버 클라우드 플랫폼의 포털 메뉴,
0,Symmetric Key-based Encryption 대칭 키 방식 암호화,,"암호화와 복호화에 동일한 키를 이용하는 암호화 방식. 데이터 비트에 치환과 전치를 반복 수행하여 암호문과 평문을 생성하며, 데이터 기밀성 보장을 위해 암호화는 일반적으로 대칭 키 방식을 사용",
0,System Managed System managed,,네이버 클라우드 플랫폼의 Sub Account에서 사용자 편의를 위해 몇 가지 상품에 대해 Change 및 View 권한을 미리 정의해두고 제공하는 정책,
0,System Metric 시스템 메트릭,,네이버 클라우드 플랫폼의 각 서비스가 제공하는 성능 지표로 Cloud Insight를 통해 확인 가능,
0,System Security Checker 시스템 시큐리티 체커,,서버 운영체제 및 WAS의 보안 설정을 점검하는 서비스 자세히 보기,
0,Table 테이블,,세로줄과 가로줄의 모델을 이용하여 정렬된 데이터 집합값의 모임,
0,Tag 태그,,HTML 구문 중에 삽입되는 일종의 예약어로 어떤 기능의 수행을 지시하는 짧은 낱말들로 구성,
0,Target Branch 대상 브랜치,,git에서 변경 사항이 포함될 브랜치,
0,Target Group Target Group,,요청을 처리할 대상에 대한 집합,
0,Task² 태스크²,,CLOVA Chatbot에서 사용자의 질문을 이해하여 최적의 답변만을 제공하는 것이 아니라 사용자와 인터렉티브한 대화를 통해 수집한 정보를 기반으로 더욱 세련된 대화가 가능하도록 설계를  도와주는 기능,
0,Task³ 할 일,,네이버 클라우드 플랫폼의 네이버웍스에서 놓치지 않고 기억해야 할 업무 목록을 PC나 모바일에서 손쉽게 등록하여 관리할 수 있는 기능,
0,Task¹ 태스크¹,,운영체제가 자원을 할당하여 처리할 경우 일의 단위,
0,TECH-IN TECH-IN,,제휴 제안이 승인되어 계약을 체결한 파트너를 위해 네이버 클라우드 플랫폼에서 별도 운영하는 파트너 엔지니어용 기술 지원 사이트로 파트너가 보유하고 있는 고객에 대한 기술 지원을 효과적으로 할 수 있도록 상품 정보 및 모니터링 등 다양한 기능을 지원,
0,Technical Support Against Security Incidents 침해 사고 기술 지원,,고객 서비스에 침해 사고 발생 시 대응 전문가가 사고 분석을 수행하고 원인을 파악해 차후 동일한 피해가 발생하지 않도록 지원하는 서비스,
0,Telnet 텔넷,,ARPANET 서비스용으로 개발되어 TCPIP 기반의 인터넷에서 광범위하게 사용되고 있는 프로토콜,
0,TensorFlow Cluster 텐서플로우 클러스터,,CLI를 사용하여 TensorFlow 분산병렬 처리 환경을 클라우드에서 간편하고 쉽게 구성하는 서비스 자세히 보기,
0,TensorFlow Server 텐서플로우 서버,,복잡한 설정 없이 최적의 GPU 운영 환경을 구축할 수 있도록 대표적인 딥 러닝 프레임워크인 TensorFlow와 머신러닝 패키지들이 설치된 서버를 제공하는 서비스 자세히 보기,
0,Text Record TXT Record 텍스트 레코드 텍스트 레코드,,도메인에 대해서 텍스트 정보를 설정하는 리소스 레코드의 일종. 주로 SPF 레코드와 같은 용도로 사용,
0,Throttling 쓰로틀링,,"PC, 노트북, 모바일 기기의 CPU, GPU 등이 지나치게 과열될 때 기기 손상을 막고자 클럭과 전압을 강제적으로 낮추거나 강제로 전원을 꺼서 발열을 줄이는 기능",
0,Thumbnail Image 섬네일 이미지,,그래픽 파일을 작게 만든 것,
0,Tibero Tibero,,"핵심 업무 뿐만 아니라 분석 업무까지 고려한 효율적 아키텍처 보안, 성능, 호환성 및 확장성으로 대규모 운영 환경에 탁월한 DBMS",
0,Time Shift 타임 머신,,"사용자가 라이브 방송 도중 일시정지를 하고, 다시 재생이 가능하도록 하는 기능",
0,Time Stamp 타임스탬프,,전자 문서의 생성 시점 확인(존재 증명) 및 진본성 확인(내용 증명)을 위한 공개키 기반의 국제 표준 기술. 전자 문서가 어느 특정 시각에 존재하고 있었다는 것을 증명함과 동시에 그 시각 이후에 데이터가 변경되지 않았음을 증명하는 전자적 기술,
0,Time to First Byte TTFB Time to First Byte TTFB,,브라우저가 요청한 후 웹 서버에서 첫 번째 정보를 수신하기까지 브라우저가 대기하는 시간,
0,Time to Live TTL 타임 투 리브 티티엘,,컴퓨터나 네트워크에서 데이터의 유효 기간을 나타내기 위한 방법,
0,Token 토큰,,시스템에서 보안 객체의 접근 관리에 사용되는 객체나 장치,
0,Tomcat Tomcat,,"Linux + Tomcat의 Web Application Server 설치 프로세스를 원클릭으로 시작할 수 있는 설치형 서비스 상품으로, 리눅스를 운영체제로 사용하면서 Tomcat를 활용한 Web Application Server 및 Servelt Container 서비스 플랫폼",
0,Tools 툴즈,,네이버 클라우드 플랫폼과 연동하여 좀 더 편리하고 효율적으로 관리 및 운영을 할 수 있도록 보조하는 도구 자세히 보기,
0,Traffic 트래픽,,통신망을 통해 전송하기 쉽도록 자른 데이터의 전송 단위,
0,Trainer Program 트레이너 프로그램,,네이버 클라우드 플랫폼 공인 교육과 다양한 기술 교육을 진행할 수 있는 전문적인 지식을 갖춘 트레이너를 양성하기 위해 네이버 클라우드 플랫폼에 대한 기술적인 부분과 강의에 필요한 다양한 내용을 학습하는 교육 과정,
0,Training Services 교육 서비스,,세계적 수준의 보안 기술력과 안정성 및 각종 교육 서비스를 기반으로 교육계의 새로운 패러다임을 지원하는 네이버 클라우드 플랫폼의 솔루션 자세히 보기,
0,Transmission Control Protocol TCP 전송 제어 프로토콜 티씨피,,인터넷상의 컴퓨터들 사이에서 데이터를 메시지 형태로 보내기 위해 IP와 함께 사용되는 프로토콜. IP 데이터를 전달하는 동안 데이터 패킷을 추적 관리 하는 기능 수행,
0,Transport Layer Security TLS 전송 계층 보안 티엘에스,,인터넷상에서 통신 시 주고 받는 데이터를 보호하기 위한 표준화된 암호화 프로토콜의 이름,
0,Trap 트랩,,"특별히 정해 놓은 조건이나 한계값에 도달한 것과 같이 유의미한 이벤트 발생 여부에 대해 SNMP 에이전트가 NMS, 콘솔, 터미널 등에 보내는 메시지",
0,Trigger 트리거,,"트리거와 룰을 통해 이벤트에 기반하여 액션 실행 가능하며 외부나 내부에서 발생한 이벤트를 전달하는 역할을 트리거가 수행. 룰은 사용자 액션이 이러한 이벤트에 반응하여 실행될 수 있도록 하고 하나의 트리거를 하나의 액션과 연결하며, 트리거 실행 시 트리거 이벤트를 입력으로 사용하여 해당 액션을 실행시키는 역할 수행 자세히 보기",
0,Trust Chain 신뢰 체인,,현존하는 운영체제와 웹브라우저에 여러 공인 루트 CA의 인증서가 기본적으로 탑재된 것,
0,Tunnel 터널,,어떤 회사의 메시지나 파일이 인터넷을 통해 이동할 수 있는 특별한 통로,
0,Two-Factor Authentication 2FA 이중 인증,,두 가지 인증 방법을 조합 적용하는 안전성을 향상시키는 인증(출처: 한국정보통신기술협회),
0,Type of Service ToS 서비스 유형 토스,,IP 헤더 내에 서비스 유형 및 혼잡 알림을 나타내는 8 비트의 필드,
0,Ubuntu 우분투,,"컴퓨터에서 프로그램과 주변기기를 사용할 수 있도록 해주는 리눅스 커널 기반 운영체제. 모바일과 데스크톱 PC, 서버에도 설치하여 사용 가능",
0,Ultra Low Latency ULL 초저지연 유엘엘,,사물 통신에서 종단 간(end-to-end) 전달 시간이 매우 짧은 것을 의미하는 용어(예: 5G 이동통신(IMT-2020)에서는 종단간 1 밀리 세컨드(msec) 수준의 초저지연을 목표로 하고 있습니다),
0,Umask 유마스크,,컴퓨팅에서 새로 만들어진 파일의 권한을 어떻게 설정할지 제어하는 마스크 설정을 결정하는 명령어,
0,Uniform Resource Locator Decoding URL Decoding URL 디코딩 유알엘 디코딩,,URL 인코딩된 값을 다시 원래의 값으로 변환하는 행위,
0,Uniform Resource Locator Encoding URL Encoding URL 인코딩 유알엘 인코딩,,한글이나 특수문자가 요청 변수값에 포함되어 있어 서버 전송 시 값이 깨지는 경우 지정된 규칙에 따라 문자값을 코드값으로 변환하여 전송하는 행위,
0,User Created User created,,네이버 클라우드 플랫폼의 Sub Account에서 계정 사용자가 임의로 생성한 정책,
0,User Datagram Protocol UDP 사용자 데이터그램 프로토콜 유디피,,"인터넷 프로토콜 스위트의 주요 프로토콜 중 하나로 IETF의 RFC 768로 표준으로 정의되어 있으며, TCP와 함께 데이터그램으로 알려진 단문 메시지를 교환하는 용도로 사용",
0,User Identifier UID 사용자 식별자 유아이디,,자료 처리 시스템에서 사용자를 식별하기 위해 이용하는 문자 배열이나 패턴,
0,Video Conference 화상회의,,기업용 영상 협업 서비스를 위한 클라우드 컴퓨팅 환경을 제공하는 네이버 클라우드 플랫폼의 솔루션 자세히 보기,
0,Video on Demand Transcoder VOD Transcoder 브이오디 트랜스코더 브이오디 트랜스코더,,언제 어디서나 모든 디바이스에서 재생할 수 있도록 돕는 미디어 변환 서비스 자세히 보기,
0,Video Player Video Player,,네이버 동영상 서비스에 적용되어 수많은 성공 사례를 가지고 있는 최신 네이버 플레이어를 기반으로 개발하여 손쉽고 빠르게 고객의 미디어 서비스에 적용할 수 있는 네이버 클라우드 플랫폼의 서비스 자세히 보기,
0,Virtual Dedicated Server VDS 가상 사설 서버 브이디에스,,고성능 물리 서버를 단독으로 제공하는 서비스. 많은 양의 데이터 처리와 고성능의 IO를 요구하는 서비스에 적합 자세히 보기,
0,Virtual Device 가상 디바이스,,네이버 클라우드 플랫폼의 Cloud IoT Core에서 인증서가 설치된 사용자 IoT 장비를 관리할 수 있도록 보조하는 기능,
0,Virtual Local Area Network VLAN 가상 랜 브이랜,,"한 대의 스위치를 이용해 여러 대의 분리된 스위치처럼 사용하거나, 여러 네트워크 정보를 하나의 포트로 전송할 수 있도록 설정한 장치 그룹",
0,Virtual Network VN 가상 네트워크 브이엔,,하드웨어 및 소프트웨어 네트워크 리소스의 조합으로 물리적 네트워크를 열거하는 네트워크,
0,Virtual Private Gateway VGW Virtual Private Gateway VGW,,VPC에서 VPC와 외부 연결 네트워크 장치 간 연결 접점 역할을 하는 기능으로 외부 연결을 위해서 반드시 생성 필요,
0,Virtual Private Network VPN 가상 사설망 브이피엔,,IPSEC을 이용해 가상의 전용선 연결을 제공하는 장비. 한 네트워크에서 다른 네트워크로 이동하는 모든 트래픽을 암호화하므로 IP 트래픽이 공공 TCPIP 네트워크를 통해 안전하게 이동 가능,
0,VMware on Ncloud 네이버클라우드의 브이엠웨어,,VMware의 솔루션과 네이버클라우드의 인프라 기술을 통합하여 쉽고 빠르게 엔터프라이즈 클라우드 서비스를 제공하는 서비스 자세히 보기,
0,VOD Recording VOD Recording,,네이버 클라우드 플랫폼의 Live Station을 통해 VOD를 녹화하는 기능,
0,VOD Station VOD Station,,네이버 클라우드 플랫폼의 Object Storage에 저장된 영상 파일을 활용하여 인코딩과 송출을 제공하는 네이버 클라우드 플랫폼의 통합 VOD 서비스 자세히 보기,
0,Volume 볼륨,,하나의 파일 시스템을 갖춘 하나의 접근 가능한 스토리지 영역,
0,VPC Environment VPC 환경,,퍼블릭 클라우드에서 고객 전용 사설 네트워크인 VPC(Virtual Private Cloud)를 제공하는 플랫폼,
0,VPC peering VPC Peering,,VPC에서 VPC간 사설 연결을 보장하는 기능,
0,WAS Security Checker WAS Security Checker,,Web Application Server(WAS)의 보안 설정을 점검하는 서비스,
0,Wear Wear,,"네이버 클라우드 플랫폼의 Game 상품군에서 무기, 갑옷, 신발, 귀걸이와 같이 착용하거나 소유할 수 있는 모든 아이템",
0,Web Action 웹 액션,,"웹 기반 응용 프로그램을 만들 수 있는 기술로, 웹 응용 프로그램이 인증 키 없이 익명으로 접근하는 백엔드 로직 구현 가능(단, 인증 및 OAuth와 같은 기능이 필요할 경우 액션 내에서 직접 구현해야 함) 자세히 보기",
0,Web Application Firewall WAF 웹 방화벽 더블유에이에프,,웹 공격을 전문적으로 탐지방어하는 보안 솔루션. 고객의 웹 서비스로 공격이 인입될 경우 WAF 전용 솔루션을 통해 탐지방어함으로써 즉각적인 대응이 가능하도록 지원하는 서비스,
0,Web Application Server WAS 웹 응용 서버 더블유에이에스,,클라이언트 환경이나 서버 환경에서 트랜잭션 처리 및 관리와 애플리케이션 실행 환경을 제공하는 미들웨어 소프트웨어 서버,
0,Web Dynamic Map Web Dynamic Map,,"JavaScript 형태로 제공되는 NAVER 지도 플랫폼으로써, 웹 서비스 및 애플리케이션에 NAVER 지도 기능을 구현할 수 있도록 다양한 클래스와 메소드를 제공하는 네이버 클라우드 플랫폼의 서비스 ",
0,Web Hosting 웹호스팅,,웹사이트의 빠르고 경제적인 구축과 유연한 운영이 가능한 클라우드 환경을 제공하는 네이버 클라우드 플랫폼의 솔루션 자세히 보기,
0,Web Security Checker 웹 시큐리티 체커,,고객의 웹 서비스에 대한 주요 취약점을 자동으로 진단하는 서비스 자세히 보기,
0,Web Service Monitoring System WMS 웹 서비스 모니터링 시스템 더블유엠에스,,고객의 서비스가 제공되고 있는 웹 페이지가 정상적으로 작동하는지 모니터링하는 시스템 자세히 보기,
0,Web Shell 웹쉘,,"시스템 명령을 실행할 수 있는 쉘(shell)의 기능을 웹 사이트에서 이용할 수 있게 만든 서버 사이드 스크립트 코드로, 시스템을 파괴하거나 정보를 유출하는 등 악의적인 행위를 수행하기 위해 의도적으로 제작된 악성코드",
0,Web Vulnerabilities 웹 취약점,,웹 서비스를 운영하거나 이용 시 발생할 수 있는 웹 애플리케이션의 소스 코드와 동작 방식 등에 존재하는 보안상 약점,
0,Webhook Webhook,,네이버 클라우드 플랫폼의 Web service Monitoring System에서 서비스 장애를 감지했을 때 알람을 받을 URL,
0,Webshell Behavior Detector Webshell Behavior Detector,,웹쉘 의심 행위를 행위 기반으로 실시간 탐지하여 빠르게 대응할 수 있도록 알림을 제공하는 네이버 클라우드 플랫폼의 서비스 자세히 보기,
0,WebtoB WebtoB,,국내 대표 차세대 웹서버 WebtoB를 서버 설치형으로 제공하는 네이버 클라우드 플랫폼의 서비스 자세히 보기,
0,WebtoB System Manager WSM WebtoB System Manager WSM,,WebtoB 내 모든 프로세스 운영을 담당하며 전체 시스템이 효율적으로 동작하도록 지원하는 관리자 툴,
0,Widevine Widevine,,Google에서 제공하는 DRM 기술 규격으로 Common Encryption 규격에 따라 AES-128 방식으로 암호화,
0,WordPress 워드프레스,,"웹 페이지 제작 및 관리를 위한 오픈 소스 콘텐츠 관리 시스템의 한 종류로 ""Linux + Apache + MySQL + PHP + WordPress"" 설치 및 프로세스를 원클릭으로 시작할 수 있는 설치형 서비스 자세히 보기",
0,WORKBOX 워크박스,,스마트하게 협업을 돕는 기업용 파일 공유 서비스 자세히 보기,
0,Worker Node 작업자노드,,네이버 클라우드 플랫폼의 Cloud Hadoop 클러스터에서 마스터 노드의 명령을 받고 실제 데이터 분석 등의 작업을 수행하는 노드,
0,Workflow 워크플로우,,네이버 클라우드 플랫폼의 WORKPLACE에서 빠른 의사 결정과 자연스러운 업무 공유를 지원하는 간편 결재 기능,
0,WorkNoti WorkNoti,,알림봇을 통한 알림 서비스로 네이버 클라우드 플랫폼의 NAVER WORKS에서 WORKPLACE의 워크플로우 알림을 받는 기능,
0,WORKPLACE 워크플레이스,,글로벌 환경에 맞춘 워크플로우 기능이 강화된 기업 정보 시스템 자세히 보기,
0,WORKPLACE Mobile WORKPLACE 모바일,,네이버 클라우드 플랫폼의 WORKPLACE를 웹에서 사용하던 그대로 모바일 환경에서 사용할 수 있는 애플리케이션,
0,Workspace 워크스페이스,,사용자의 작업 소스 및 설정을 보관하는 공간,
0,Workspace Browser Workspace Browser,,AI Forest에서 워크스페이스의 소스 파일들을 관리하거나 편집할 수 있는 기능,
0,WorkTalk WorkTalk,,챗봇을 통한 업무 처리 서비스로 네이버 클라우드 플랫폼의 NAVER WORKS에서 WORKPLACE의 근태 관련 출퇴근 체크 및 연차 신청 등을 할 수 있는 기능,
0,X.509 X.509,,PKI 기반의 인증서 표준으로 인증서와 인증서 폐기 목록(CRL)의 기본 필드와 확장 필드로 구성된 프로파일을 정의한 규격,
0,Xentools Xentools,,Windows VM의 IO 드라이버 및 관리 에이전트로 고성능의 IO 서비스 제공하기 위해 사용하는 툴,
,,,,
,,,,
,,,,
,,,,
,,,,
,,,,
,,,,
,,,,
,,,,
,,,,
,,,,
,,,,
,,,,
,,,,
,,,,
,,,,
,,,,
,,,,
,,,,
,,,,
,,,,
,,,,
,,,,
,,,,
,,,,
,,,,
,,,,
,,,,
,,,,
,,,,